Workbook

Sheet RANGO
E2: RANGO IP DE LAS AREAS DEL IMJUVE
E3: ÁREA DE ASIGNACIÓN | F3: RANGO DE IP´S | H3: LIBRES | I3: OCUPADAS | J3: EN CONFLICTO | K3: TOTAL, DE IP´S | L3: % USADO
E4: DIRECCIÓN GENERAL | F4: 172.17.0.5 | G4: 172.17.0.18 | H4: =DG!E20 -> 1 | I4: =DG!F20 -> 13 | J4: =DG!G20 -> 0 | K4: =DG!H20 -> 14 | L4: =I4/K4 -> 0.92857143
E5: =DATOS!B3 -> DIRECCIÓN DE BIENESTAR Y ESTIMULOS A LA JUVENTUD | F5: 172.17.0.19 | G5: 172.17.0.99 | H5: =DBEJ!E89 -> 49 | I5: =DBEJ!F89 -> 32 | J5: =DBEJ!G89 -> 0 | K5: =DBEJ!H89 -> 81 | L5: =I5/K5 -> 0.39506173
E6: =DATOS!B4 -> DIRECCIÓN DE INESTIGACIÓN Y ESTUDIOS SOBRE JUVENTUDES | F6: 172.17.0.100 | G6: 172.17.0.157 | H6: =DIEJ!E64 -> 43 | I6: =DIEJ!F64 -> 15 | J6: =DIEJ!G64 -> 0 | K6: =DIEJ!H64 -> 58 | L6: =I6/K6 -> 0.25862069
E7: =DATOS!B5 -> DIRECCIÓN DE COORDINACIÓN SERCTORIAL Y REGIONAL | F7: 172.17.0.158 | G7: 172.17.0.205 | H7: =DCSR!E53 -> 35 | I7: =DCSR!F53 -> 13 | J7: =DCSR!G53 -> 0 | K7: =DCSR!H53 -> 48 | L7: =I7/K7 -> 0.27083333
E8: =DATOS!B6 -> DIRECCIÓN DE EVALUACIÓN Y CONTROL | F8: 172.17.0.206 | G8: 172.17.0.242 | H8: =DEC!E42 -> 24 | I8: =DEC!F42 -> 13 | J8: =DEC!G42 -> 0 | K8: =DEC!H42 -> 37 | L8: =I8/K8 -> 0.35135135
E9: =DATOS!B7 -> DIRECCIÓN DE FINANZAS | F9: 172.17.0.243 | G9: 172.17.1.22 | H9: =DF!E39 -> 14 | I9: =DF!F39 -> 20 | J9: =DF!G39 -> 0 | K9: =DF!H39 -> 34 | L9: =I9/K9 -> 0.58823529
E10: =DATOS!B8 -> DIRECCIÓN DE RECURSOS HUMANOS Y MATERIALES | F10: 172.17.1.23 | G10: 172.17.1.84 | H10: =DRHM!E67 -> 29 | I10: =DRHM!F67 -> 32 | J10: =DRHM!G67 -> 1 | K10: =DRHM!H67 -> 62 | L10: =I10/K10 -> 0.51612903
E11: =DATOS!B9 -> DIRECCIÓN DE ASUSTOS JURÍDICOS | F11: 172.17.1.85 | G11: 172.17.1.103 | H11: =DAJ!E24 -> 12 | I11: =DAJ!F24 -> 7 | J11: =DAJ!G24 -> 0 | K11: =DAJ!H24 -> 19 | L11: =I11/K11 -> 0.36842105
E12: =DATOS!B10 -> DIRECCIÓN DE COMUNICACIÓN SOCIAL | F12: 172.17.1.104 | G12: 172.17.1.142 | H12: =DCS!E44 -> 21 | I12: =DCS!F44 -> 18 | J12: =DCS!G44 -> 0 | K12: =DCS!H44 -> 39 | L12: =I12/K12 -> 0.46153846
E13: =DATOS!B14 -> TITULAR DE AUDITORIA INTERNA Y QUEJAS | F13: 172.17.1.143 | G13: 172.17.1.160 | H13: =OIC!E23 -> 14 | I13: =OIC!F23 -> 4 | J13: =OIC!G23 -> 0 | K13: =OIC!H23 -> 18 | L13: =I13/K13 -> 0.22222222
E14: =DATOS!B12 -> SUBDIRECCIÓN DE SISTEMAS | F14: 172.17.1.161 | G14: 172.17.1.250 | H14: =SS!E95 -> 31 | I14: =SS!F95 -> 59 | J14: =SS!G95 -> 0 | K14: =SS!H95 -> 90 | L14: =I14/K14 -> 0.65555556
E15: Totales | H15: =SUM(H4:H14) -> 273 | I15: =SUM(I4:I14) -> 226 | J15: =SUM(J4:J14) -> 1 | K15: =SUM(H15:J15) -> 500 | L15: =I15/K15 -> 0.452

Sheet DG
A1: =RANGO!E4 -> DIRECCIÓN GENERAL
A2: No. | B2: IP | C2: Usuario o nombre del propietario | D2: Tipo de equipo | E2: Institucional o Personal | F2: Marca | G2: modelo | H2: Número de Serie | I2: MAC | J2: Tipo de Conexión | K2: Confguración de red | L2: Área | M2: Restricciones | N2: YOUTUBE | O2: VIMEO | P2: SPOTIFY | Q2: OTRO STREAMING | R2: FACEBOOK | S2: TIK TOK | T2: INSTAGRAM | U2: WHATSAPP WEB | V2: OTRA RED SOCIAL | W2: SITIOS GUBERNAMENTALES | X2: NOTICIAS | Y2: OTRO | Z2: Estatus | AA2: OBSERVACIONES
A3: 1 | B3: 172.17.0.5 | C3: xgranados | D3: LAP | E3: Personal | F3: OTRO | G3: / | H3: / | I3: 94-E2-3C-26-8D-74 | J3: INALÁMBRICO | K3: MANUAL | L3: DRHM | M3: Con/Rest | N3: Sí | O3: Sí | P3: Sí | Q3: NO | R3: Sí | S3: Sí | T3: Sí | U3: Sí | V3: s | W3: Sí | X3: Sí | Y3: SI | Z3: Ocupada | AA3: cambiar a DRHM
A4: 2 | B4: 172.17.0.6 | C4: Karla Perez | D4: LAP | E4: Personal | G4: MACBOOK | J4: INALÁMBRICO | K4: MANUAL | L4: DRHM | M4: Sin/Rest | Z4: Ocupada
A5: 3 | B5: 172.17.0.7 | C5: NROSALES | D5: PC | E5: Institucional | F5: DELL | G5: OPTIPLEX 3080 | H5: / | I5: B0-4F-13-01-B1-B2 | J5: ALÁMBRICO | K5: DHCP | L5: DG | M5: Con/Rest | N5: No | O5: NO | P5: No | Q5: NO | R5: No | S5: NO | T5: No | U5: Sí | V5: NO | W5: Sí | X5: No | Y5: NO | Z5: Ocupada
A6: 4 | B6: 172.17.0.8 | C6: DG | D6: CEL | E6: Personal | F6: OTRO | G6: / | H6: / | I6: / | J6: INALÁMBRICO | K6: MANUAL | L6: DG | M6: Sin/Rest | Z6: Ocupada
A7: 5 | B7: 172.17.0.9 | C7: DG_Abraham | D7: LAP | E7: Institucional | F7: DELL | G7: latitude3420 | H7: / | I7: 14:85:7F:FF:F1:4F | J7: INALÁMBRICO | K7: MANUAL | L7: DG | M7: Con/Rest | Z7: Ocupada
A8: 6 | B8: 172.17.0.10 | C8: stecnica | D8: PC | E8: Institucional | F8: DELL | G8: OPTIPLEX 7090 | H8: / | I8: D0:8E:79:05:23:B6 | J8: ALÁMBRICO | K8: MANUAL | L8: ST | M8: Con/Rest | Z8: Ocupada
A9: 7 | B9: 172.17.0.11 | Z9: Ocupada
A10: 8 | B10: 172.17.0.12 | C10: Alexa_DG | D10: ALEXA | E10: Personal | F10: OTRO | G10: Echoshow 5 | H10: / | I10: B0:4F:13:01:B1:B2 | J10: INALÁMBRICO | K10: MANUAL | L10: DG | M10: Con/Rest | Z10: Ocupada
A11: 9 | B11: 172.17.0.13 | C11: pendiente | Z11: Libre
A12: 10 | B12: 172.17.0.14 | C12: Arely Lira | D12: LAP | E12: Personal | F12: OTRO | J12: INALÁMBRICO | K12: MANUAL | L12: ST | Z12: Ocupada
A13: 11 | B13: 172.17.0.15 | C13: invitadodg | D13: LAP | E13: Personal | F13: OTRO | J13: INALÁMBRICO | K13: MANUAL | L13: DG | Z13: Ocupada
A14: 12 | B14: 172.17.0.16 | C14: ARODRIGUEZ | D14: PC | E14: Personal | J14: ALÁMBRICO | K14: DHCP | L14: DAJ | N14: Sí | O14: No | P14: NO | Q14: NO | R14: Sí | S14: Sí | T14: Sí | U14: Sí | V14: NO | W14: Sí | X14: No | Y14: NO | Z14: Ocupada
A15: 13 | B15: 172.17.0.17 | C15: Ma. Lourdes | D15: PC | E15: Institucional | F15: ASUS | G15: OPTIPLEX 7090 | H15: / | J15: ALÁMBRICO | K15: MANUAL | L15: DF | M15: Con/Rest | N15: No | O15: No | P15: No | Q15: NO | R15: No | S15: NO | T15: No | U15: Sí | V15: NO | W15: Sí | X15: NO | Y15: NO | Z15: Ocupada
A16: 14 | B16: 172.17.0.18 | C16: Karla Perez | D16: CEL | E16: Personal | J16: INALÁMBRICO | K16: MANUAL | L16: DG | Z16: Ocupada
D19: IP´s | E19: LIBRE | F19: OCUPADA | G19: CONFLICTO | H19: TOTAL | J19: IP´s | K19: Con restricciones | M19: Sin restricciones
E20: =COUNTIF($Z$3:$Z$16,DATOS!O2) -> 1 | F20: =COUNTIF($Z$3:$Z$16,DATOS!O3) -> 13 | G20: =COUNTIF($Z$3:$Z$16,DATOS!O4) -> 0 | H20: =SUM(E20:G20) -> 14 | K20: =COUNTIF(M3:$M$16,DATOS!Q2) -> 6 | M20: =COUNTIF($M3:AA$16,DATOS!Q3) -> 2
D22: CONEXIONES | E22: =DATOS!G2 -> INALÁMBRICO | F22: =DATOS!G3 -> ALÁMBRICO | G22: =DATOS!G4 -> ALÁMBRICO/INALÁMBRICO | J22: REGRESAR A LA PESTALLA PRINCIPAL
E23: =COUNTIF(J3:$J$16,DATOS!G2) -> 8 | F23: =COUNTIF($J3:$J$16,DATOS!G3) -> 4 | G23: =COUNTIF($J3:$J$16,DATOS!G4) -> 0
D25: EQUIPOS | E25: PERSONALES | G25: INSTITUCIONALES

Sheet DBEJ
A1: =RANGO!E5 -> DIRECCIÓN DE BIENESTAR Y ESTIMULOS A LA JUVENTUD
A2: No. | B2: IP | C2: Usuario o nombre del propietario | D2: Tipo de equipo | E2: Institucional o Personal | F2: Marca | G2: modelo | H2: Número de Serie | I2: MAC | J2: Tipo de Conexión | K2: Confguración de red | L2: Área | M2: Restricciones | N2: YOUTUBE | O2: VIMEO | P2: SPOTIFY | Q2: OTRO STREAMING | R2: FACEBOOK | S2: TIK TOK | T2: INSTAGRAM | U2: WHATSAPP WEB | V2: OTRA RED SOCIAL | W2: SITIOS GUBERNAMENTALES | X2: NOTICIAS | Y2: OTRO | Z2: Estatus | AA2: OBSERVACIONES
A3: 1 | B3: 172.17.0.19 | C3: Miguel Vigilancia | D3: CEL | E3: Personal | F3: OPPO | Z3: Libre
A4: 2 | B4: 172.17.0.20 | C4: natalia ss | D4: CEL | E4: Personal | F4: APPLE | Z4: Libre
A5: 3 | B5: 172.17.0.21 | C5: Ivan Alejandro | D5: CEL | E5: Personal | F5: OPPO | Z5: Libre
A6: 4 | B6: 172.17.0.22 | C6: Jose Luis Morales | D6: CEL | E6: Personal | F6: OPPO | Z6: Libre
A7: 5 | B7: 172.17.0.23 | C7: Vigilancia | D7: CEL | E7: Personal | F7: XIAOMI | Z7: Libre
A8: 6 | B8: 172.17.0.24 | C8: NORMA TORRES | D8: LAP | E8: Personal | Z8: Libre | AA8: CS
A9: 7 | B9: 172.17.0.25 | C9: Xavier Romero | D9: LAP | E9: Personal | F9: HP | J9: INALÁMBRICO | K9: MANUAL | L9: DBEJ | Z9: Ocupada
A10: 8 | B10: 172.17.0.26 | C10: Servicio Social | D10: TABLET | E10: Personal | F10: APPLE | J10: INALÁMBRICO | K10: MANUAL | L10: DBEJ | Z10: Ocupada
A11: 9 | B11: 172.17.0.27 | C11: Victor Hugo Escobar | D11: LAP | E11: Personal | F11: DELL | Z11: Libre
A12: 10 | B12: 172.17.0.28 | C12: Maria_CERRANO | D12: LAP | E12: Institucional | F12: DELL | G12: latitude3420 | Z12: Ocupada | AA12: Finanzas
A13: 11 | B13: 172.17.0.29 | C13: Silvia Rodriguez | D13: LAP | E13: Institucional | F13: DELL | G13: latitude3420 | J13: INALÁMBRICO | K13: MANUAL | L13: DBEJ | M13: Con/Rest | Z13: Ocupada
A14: 12 | B14: 172.17.0.30 | C14: Daniela Arenas | D14: LAP | E14: Institucional | F14: DELL | G14: latitude3420 | H14: / | I14: 94-E2-3C-26-45-03 | J14: INALÁMBRICO | K14: MANUAL | L14: DBEJ | M14: Sin/Rest | Z14: Ocupada | AA14: Sequidad Finanzas
A15: 13 | B15: 172.17.0.31 | Z15: Libre
A16: 14 | B16: 172.17.0.32 | C16: Servicio Social | D16: TABLET | E16: Personal | J16: INALÁMBRICO | K16: MANUAL | L16: DBEJ | Z16: Ocupada
A17: 15 | B17: 172.17.0.33 | Z17: Libre
A18: 16 | B18: 172.17.0.34 | C18: ELAP-SEQUIDAD4 | D18: LAP | E18: Institucional | F18: DELL | G18: latitude3420 | H18: / | I18: 94-E2-3C-26-80-40 | J18: INALÁMBRICO | K18: MANUAL | L18: DBEJ | M18: Con/Rest | Z18: Ocupada | AA18: Finanzas
A19: 17 | B19: 172.17.0.35 | C19: Emiliano Pérez | D19: LAP | E19: Personal | F19: ASUS | G19: VivoBook | J19: INALÁMBRICO | K19: MANUAL | L19: DBEJ | M19: Con/Rest | Z19: Ocupada | AA19: Investigación
A20: 18 | B20: 172.17.0.36 | C20: ELAP-SEQUIDAD1 | D20: LAP | E20: Institucional | F20: DELL | G20: latitude3420 | H20: / | I20: 94-E2-3C-05-04-6A | J20: INALÁMBRICO | K20: MANUAL | L20: DBEJ | M20: Sin/Rest | Z20: Ocupada | AA20: Finanzas
A21: 19 | B21: 172.17.0.37 | C21: mjuan | D21: LAP | E21: Institucional | F21: DELL | G21: latitude3420 | H21: 8SLGW93 | I21: 94-E2-3C-26-44-E0 | J21: INALÁMBRICO | K21: MANUAL | L21: DBEJ | M21: Con/Rest | Z21: Ocupada
A22: 20 | B22: 172.17.0.38 | C22: mgarcia | D22: TABLET | E22: Personal | F22: SAMSUNG | G22: / | H22: R9PT103XNFN | I22: 48:61:ee:17:07:61 | J22: INALÁMBRICO | K22: MANUAL | L22: DBEJ | M22: Con/Rest | Z22: Ocupada
A23: 21 | B23: 172.17.0.39 | C23: nmosco | D23: LAP | E23: Institucional | F23: DELL | G23: latitude3420 | H23: / | I23: EC-63-D7-CF-B0-61 | J23: INALÁMBRICO | L23: DIEJ | M23: Con/Rest | N23: Sí | O23: No | P23: No | Q23: no | R23: No | S23: No | T23: No | U23: Sí | V23: no | W23: Sí | X23: No | Z23: Ocupada | AA23: Recursos Humanos
A24: 22 | B24: 172.17.0.40 | C24: Juan | D24: LAP | E24: Institucional | F24: DELL | G24: latitude3420 | H24: / | I24: 94-E2-3C-01-B9-DB | J24: INALÁMBRICO | K24: MANUAL | L24: DBEJ | M24: Con/Rest | Z24: Ocupada
A25: 23 | B25: 172.17.0.41 | Z25: Libre
A26: 24 | B26: 172.17.0.42 | C26: ARTURO ISRAEL GARCIA LUNA | D26: LAP | E26: Institucional | F26: DELL | G26: latitude3420 | H26: / | J26: INALÁMBRICO | K26: MANUAL | L26: DBEJ | M26: Con/Rest | Z26: Libre
A27: 25 | B27: 172.17.0.43 | Z27: Ocupada | AA27: Finanzas
A28: 26 | B28: 172.17.0.44 | C28: Jesús | D28: LAP | E28: Institucional | F28: DELL | G28: latitude3420 | H28: FRNGW93 | I28: 94:E2:3C:02:3C:DF | J28: INALÁMBRICO | K28: MANUAL | L28: DBEJ | M28: Con/Rest | Z28: Ocupada
A29: 27 | B29: 172.17.0.45 | C29: José Saucedo (s.s) | D29: LAP | E29: Institucional | Z29: Libre
A30: 28 | B30: 172.17.0.46 | C30: ELAP-TJOVEN2 | D30: LAP | E30: Institucional | F30: DELL | G30: latitude3420 | H30: / | I30: 94-E2-3C-01-DF-60 | J30: INALÁMBRICO | K30: MANUAL | L30: DBEJ | M30: Con/Rest | Z30: Ocupada
A31: 29 | B31: 172.17.0.47 | C31: Cristian Flores León | D31: LAP | E31: Personal | F31: LENOVO | Z31: Libre
A32: 30 | B32: 172.17.0.48 | Z32: Libre
A33: 31 | B33: 172.17.0.49 | C33: Hector Ernesto | D33: LAP | E33: Institucional | F33: DELL | G33: latitude3420 | Z33: Libre
A34: 32 | B34: 172.17.0.50 | Z34: Libre
A35: 33 | B35: 172.17.0.51 | C35: gabriela gaviño | D35: LAP | E35: Institucional | F35: DELL | G35: latitude3420 | Z35: Ocupada | AA35: Finanzas
A36: 34 | B36: 172.17.0.52 | C36: mgarcía | D36: PC | E36: Institucional | F36: DELL | G36: OPTIPLEX | J36: ALÁMBRICO | K36: MANUAL | Z36: Ocupada | AA36: Secretaría técnica
A37: 35 | B37: 172.17.0.53 | C37: elap-nponce (Saul Climaco) | D37: LAP | E37: Institucional | F37: DELL | G37: latitude3420 | H37: / | I37: 94:E2:3C:01:BA:49 | J37: INALÁMBRICO | K37: MANUAL | L37: DIEJ | M37: Con/Rest | Z37: Libre
A38: 36 | B38: 172.17.0.54 | C38: José Luis Morales Rivera | D38: LAP | E38: Institucional | F38: DELL | J38: INALÁMBRICO | K38: MANUAL | L38: DBEJ | Z38: Ocupada | AA38: Morgue
A39: 37 | B39: 172.17.0.55 | C39: Nueva Arely | D39: LAP | E39: Personal | F39: APPLE | Z39: Libre
A40: 38 | B40: 172.17.0.56 | C40: Isaac | D40: CEL | E40: Personal | F40: APPLE | Z40: Libre
A41: 39 | B41: 172.17.0.57 | C41: Luis Antonio | D41: LAP | E41: Personal | F41: HP | Z41: Libre
A42: 40 | B42: 172.17.0.58 | Z42: Libre
A43: 41 | B43: 172.17.0.59 | C43: lelorza | D43: PC | E43: Institucional | F43: DELL | G43: OPTIPLEX 3080 | H43: 8D80FF3 | I43: B0:4F:13:01:B2:96 | J43: ALÁMBRICO | K43: MANUAL | L43: DBEJ | M43: Con/Rest | Z43: Ocupada
A44: 42 | B44: 172.17.0.60 | C44: Servicio Social | D44: LAP | E44: Personal | F44: HP | J44: INALÁMBRICO | K44: MANUAL | L44: DBEJ | Z44: Ocupada | AA44: Morgue
A45: 43 | B45: 172.17.0.61 | C45: HAZEL SANTOS | D45: CEL | E45: Personal | F45: APPLE | L45: DCS | M45: Con/Rest | N45: Sí | O45: Sí | P45: Sí | Q45: NO | R45: Sí | S45: Sí | T45: Sí | U45: Sí | V45: NO | W45: Sí | X45: Sí | Y45: NO | Z45: Ocupada | AA45: CS
A46: 44 | B46: 172.17.0.62 | C46: Fernanda Mossso | D46: LAP | E46: Institucional | F46: DELL | G46: latitude3420 | Z46: Libre
A47: 45 | B47: 172.17.0.63 | C47: Trans_isabel | D47: CEL | E47: Personal | F47: OTRO | G47: / | H47: / | I47: mac:00:ca:e0:54:be:bb | J47: INALÁMBRICO | K47: MANUAL | L47: DBEJ | M47: Sin/Rest | Z47: Ocupada
A48: 46 | B48: 172.17.0.64 | C48: Juan (ss) | D48: LAP | E48: Personal | Z48: Libre
A49: 47 | B49: 172.17.0.65 | Z49: Libre
A50: 48 | B50: 172.17.0.66 | C50: Eduardo Hernandez SS | Z50: Libre
A51: 49 | B51: 172.17.0.67 | C51: Victor Hugo Escobar | D51: CEL | E51: Personal | F51: APPLE | Z51: Libre
A52: 50 | B52: 172.17.0.68 | C52: mrebollar | D52: PC | E52: Institucional | F52: DELL | G52: OPTIPLEX 3080 | H52: 8D93FF3 | I52: B0-4F-13-01-B3-D2 | J52: ALÁMBRICO | K52: MANUAL | L52: DBEJ | M52: Con/Rest | Z52: Ocupada
A53: 51 | B53: 172.17.0.69 | C53: ycruz | D53: LAP | E53: Institucional | F53: DELL | G53: latitude3420 | H53: / | I53: 14-85-7F-FF-02-62 | J53: INALÁMBRICO | K53: MANUAL | L53: DBEJ | M53: Con/Rest | Z53: Ocupada
A54: 52 | B54: 172.17.0.70 | C54: Itzel | D54: LAP | E54: Personal | F54: HP | Z54: Libre
A55: 53 | B55: 172.17.0.71 | C55: Itzel Celular | D55: CEL | E55: Personal | F55: OTRO | Z55: Libre
A56: 54 | B56: 172.17.0.72 | Z56: Libre
A57: 55 | B57: 172.17.0.73 | C57: Yessenia Camacho | Z57: Libre
A58: 56 | B58: 172.17.0.74 | C58: Gama (ss) | D58: PC | E58: Institucional | F58: SAMSUNG | Z58: Libre
A59: 57 | B59: 172.17.0.75 | Z59: Libre
A60: 58 | B60: 172.17.0.76 | C60: Armando Montiel | D60: LAP | E60: Personal | F60: OTRO | Z60: Libre
A61: 59 | B61: 172.17.0.77 | Z61: Libre
A62: 60 | B62: 172.17.0.78 | C62: Equidad 7 | D62: LAP | E62: Institucional | F62: DELL | M62: Sin/Rest | Z62: Ocupada
A63: 61 | B63: 172.17.0.79 | Z63: Libre
A64: 62 | B64: 172.17.0.80 | C64: Servicio social Bienestar | Z64: Libre
A65: 63 | B65: 172.17.0.81 | Z65: Libre
A66: 64 | B66: 172.17.0.82 | C66: Jorge Ferreira | D66: TABLET | E66: Personal | Z66: Libre
A67: 65 | B67: 172.17.0.83 | C67: chico computadora rosa | Z67: Libre
A68: 66 | B68: 172.17.0.84 | C68: Victor Manuel Bautista | D68: LAP | E68: Institucional | F68: DELL | G68: latitude3420 | J68: INALÁMBRICO | K68: MANUAL | L68: DBEJ | M68: Con/Rest | Z68: Ocupada
A69: 67 | B69: 172.17.0.85 | Z69: Libre
A70: 68 | B70: 172.17.0.86 | Z70: Libre
A71: 69 | B71: 172.17.0.87 | C71: Santiago Peralta | Z71: Libre
A72: 70 | B72: 172.17.0.88 | Z72: Libre
A73: 71 | B73: 172.17.0.89 | C73: mgarcía | D73: LAP | E73: Personal | F73: DELL | J73: INALÁMBRICO | K73: MANUAL | Z73: Ocupada | AA73: Nave
A74: 72 | B74: 172.17.0.90 | C74: Norma Villareal | D74: LAP | E74: Personal | F74: DELL | J74: INALÁMBRICO | K74: MANUAL | Z74: Ocupada | AA74: Nave
A75: 73 | B75: 172.17.0.91 | C75: Arely nueva | Z75: Libre
A76: 74 | B76: 172.17.0.92 | Z76: Libre
A77: 75 | B77: 172.17.0.93 | C77: Berenice | D77: PC | E77: Institucional | F77: DELL | J77: ALÁMBRICO | Z77: Ocupada | AA77: Investigación
A78: 76 | B78: 172.17.0.94 | Z78: Libre | AA78: Comunicación
A79: 77 | B79: 172.17.0.95 | C79: Carlos Arturo | D79: LAP | E79: Institucional | F79: HP | Z79: Libre
A80: 78 | B80: 172.17.0.96 | C80: Maria Pilar (Limpieza) | D80: CEL | E80: Personal | Z80: Libre
A81: 79 | B81: 172.17.0.97 | C81: JCHAVIRA | D81: LAP | E81: Institucional | F81: DELL | L81: DCS | M81: Con/Rest | N81: Sí | O81: No | P81: No | Q81: NO | R81: Sí | S81: Sí | T81: Sí | U81: Sí | V81: X | W81: Sí | X81: Sí | Y81: NO | Z81: Ocupada | AA81: Comunicación
A82: 80 | B82: 172.17.0.98 | C82: Luis zavala | D82: PC | E82: Institucional | F82: DELL | L82: DCS | M82: Con/Rest | N82: Sí | O82: Sí | P82: Sí | Q82: no | R82: Sí | S82: Sí | T82: Sí | U82: Sí | V82: no | W82: Sí | X82: Sí | Y82: PORTALES DE NOTICIAS | Z82: Ocupada | AA82: Comunicación
A83: 81 | B83: 172.17.0.99 | C83: Jose Valencia (Limpieza) | D83: CEL | E83: Personal | Z83: Libre
D88: IP´s | E88: LIBRE | F88: OCUPADA | G88: CONFLICTO | H88: TOTAL | J88: IP´s | K88: Con restricciones | M88: Sin restricciones
E89: =COUNTIF($Z$3:$Z$83,DATOS!O2) -> 49 | F89: =COUNTIF($Z$3:$Z$83,DATOS!O3) -> 32 | G89: =COUNTIF($Z$3:$Z$83,DATOS!O4) -> 0 | H89: =SUM(E89:G89) -> 81 | K89: =COUNTIF(M3:$M$83,DATOS!Q2) -> 18 | M89: =COUNTIF($M3:$M$83,DATOS!Q3) -> 4
D91: CONEXIONES | E91: =DATOS!G2 -> INALÁMBRICO | F91: =DATOS!G3 -> ALÁMBRICO | G91: =DATOS!G4 -> ALÁMBRICO/INALÁMBRICO | J91: REGRESAR A LA PESTALLA PRINCIPAL
E92: =COUNTIF(J3:$J$83,DATOS!G2) -> 23 | F92: =COUNTIF($J3:K$83,DATOS!G3) -> 4 | G92: =COUNTIF($J3:L$83,DATOS!G4) -> 0

Sheet DIEJ
A1: =RANGO!E6 -> DIRECCIÓN DE INESTIGACIÓN Y ESTUDIOS SOBRE JUVENTUDES
A2: No. | B2: IP | C2: Usuario o nombre del propietario | D2: Tipo de equipo | E2: Institucional o Personal | F2: Marca | G2: modelo | H2: Número de Serie | I2: MAC | J2: Tipo de Conexión | K2: Confguración de red | L2: Área | M2: Restricciones | N2: YOUTUBE | O2: VIMEO | P2: SPOTIFY | Q2: OTRO STREAMING | R2: FACEBOOK | S2: TIK TOK | T2: INSTAGRAM | U2: WHATSAPP WEB | V2: OTRA RED SOCIAL | W2: SITIOS GUBERNAMENTALES | X2: NOTICIAS | Y2: OTRO | Z2: Estatus | AA2: OBSERVACIONES
A3: 1 | B3: 172.17.0.100 | C3: Axel | D3: LAP | E3: Institucional | F3: DELL | G3: latitude | Z3: Ocupada
A4: 2 | B4: 172.17.0.101 | Z4: Libre
A5: 3 | B5: 172.17.0.102 | Z5: Libre
A6: 4 | B6: 172.17.0.103 | C6: zgarcia | D6: LAP | E6: Personal | L6: DIEJ | M6: Con/Rest | N6: Sí | O6: No | P6: No | Q6: no | R6: Sí | S6: Sí | T6: Sí | U6: Sí | V6: no | W6: Sí | X6: Sí | Y6: no | Z6: Ocupada
A7: 5 | B7: 172.17.0.104 | Z7: Libre
A8: 6 | B8: 172.17.0.105 | C8: cambio | D8: PC | E8: Institucional | F8: DELL | G8: OPTIPLEX 3080 | K8: MANUAL | L8: DF | N8: Sí | O8: No | P8: Sí | Q8: No | R8: No | S8: No | T8: No | U8: Sí | V8: No | W8: Sí | X8: Sí | Y8: Zoom | Z8: Ocupada | AA8: finanzas
A9: 7 | B9: 172.17.0.106 | C9: Joaquin Adres Chavira | Z9: Libre
A10: 8 | B10: 172.17.0.107 | C10: lrangel | D10: PC | E10: Institucional | F10: DELL | G10: OPTIPLEX 3080 | L10: DIEJ | M10: Con/Rest | N10: No | O10: No | P10: No | Q10: no | R10: No | S10: no | T10: No | U10: Sí | V10: no | W10: Sí | X10: No | Y10: no | Z10: Ocupada
A11: 9 | B11: 172.17.0.108 | Z11: Libre
A12: 10 | B12: 172.17.0.109 | C12: fausto martinez SS | D12: LAP | E12: Personal | L12: DIEJ | M12: Con/Rest | N12: Sí | O12: No | P12: No | Q12: no | R12: Sí | S12: No | T12: Sí | U12: Sí | V12: no | W12: Sí | X12: Sí | Y12: no | Z12: Ocupada
A13: 11 | B13: 172.17.0.110 | C13: Servicio Social Karla | D13: LAP | E13: Personal | F13: HP | G13: elitebook 840 GS | H13: 00330-51813-83560-AAOEM | J13: INALÁMBRICO | K13: MANUAL | L13: DIEJ | M13: Sin/Rest | Z13: Ocupada | AA13: Servicio Social Karla
A14: 12 | B14: 172.17.0.111 | C14: Citlali Carolina SS | D14: LAP | E14: Personal | F14: DELL | Z14: Libre
A15: 13 | B15: 172.17.0.112 | C15: jcontreras | D15: LAP | E15: Institucional | F15: DELL | G15: latitude | L15: DIEJ | M15: Con/Rest | N15: No | O15: no | P15: No | Q15: no | R15: No | S15: No | T15: No | U15: Sí | V15: no | W15: Sí | X15: Sí | Y15: no | Z15: Ocupada
A16: 14 | B16: 172.17.0.113 | C16: emiliano perez SS | D16: LAP | E16: Personal | L16: DIEJ | M16: Con/Rest | N16: Sí | O16: No | P16: No | Q16: NO | R16: No | S16: No | T16: No | U16: Sí | V16: NO | W16: Sí | X16: Sí | Y16: NO | Z16: Ocupada
A17: 15 | B17: 172.17.0.114 | C17: Servicio Social Pamela Guerrero (Arely) | D17: CEL | E17: Personal | F17: APPLE | G17: iphone 15 | H17: HL02FMH2JY | J17: INALÁMBRICO | K17: MANUAL | L17: DIEJ | M17: Con/Rest | Z17: Libre
A18: 16 | B18: 172.17.0.115 | D18: CEL | Z18: Libre
A19: 17 | B19: 172.17.0.116 | C19: Uriel Jarquin | D19: LAP | E19: Personal | F19: APPLE | G19: Macbook | Z19: Libre
A20: 18 | B20: 172.17.0.117 | Z20: Libre
A21: 19 | B21: 172.17.0.118 | C21: Callcenter | Z21: Libre
A22: 20 | B22: 172.17.0.119 | Z22: Libre
A23: 21 | B23: 172.17.0.120 | C23: Posiblemente el Servidor del dns | Z23: Libre
A24: 22 | B24: 172.17.0.121 | Z24: Libre
A25: 23 | B25: 172.17.0.122 | C25: Axel | Z25: Libre
A26: 24 | B26: 172.17.0.123 | Z26: Libre
A27: 25 | B27: 172.17.0.124 | Z27: Libre
A28: 26 | B28: 172.17.0.125 | Z28: Libre
A29: 27 | B29: 172.17.0.126 | C29: ANA PATRICIA/ IPAD/CEL SS | D29: TABLET | L29: DRHM | Z29: Libre
A30: 28 | B30: 172.17.0.127 | C30: AARON SS | D30: CEL | E30: Personal | L30: DRHM | Z30: Libre
A31: 29 | B31: 172.17.0.128 | C31: Uriel Jarquin | D31: CEL | E31: Personal | Z31: Libre
A32: 30 | B32: 172.17.0.129 | C32: Uriel Macbook air | D32: LAP | E32: Personal | F32: APPLE | G32: Macbook | Z32: Libre
A33: 31 | B33: 172.17.0.130 | Z33: Libre
A34: 32 | B34: 172.17.0.131 | C34: Eduardo Vargas | D34: LAP | E34: Personal | F34: HP | Z34: Libre
A35: 33 | B35: 172.17.0.132 | C35: Juan de Dios Garcia | D35: LAP | E35: Personal | F35: LENOVO | Z35: Ocupada | AA35: CS
A36: 34 | B36: 172.17.0.133 | Z36: Libre
A37: 35 | B37: 172.17.0.134 | Z37: Ocupada
A38: 36 | B38: 172.17.0.135 | Z38: Libre
A39: 37 | B39: 172.17.0.136 | C39: Karla Olvera Alvarado | D39: LAP | E39: Personal | F39: HP | Z39: Ocupada
A40: 38 | B40: 172.17.0.137 | Z40: Libre
A41: 39 | B41: 172.17.0.138 | Z41: Libre
A42: 40 | B42: 172.17.0.139 | C42: Edivaldo Cruz | Z42: Libre
A43: 41 | B43: 172.17.0.140 | Z43: Libre
A44: 42 | B44: 172.17.0.141 | Z44: Libre
A45: 43 | B45: 172.17.0.142 | C45: Emiliano Morales | Z45: Libre
A46: 44 | B46: 172.17.0.143 | C46: Flores Evelyn | D46: CEL | E46: Personal | F46: APPLE | G46: iphone 15 | Z46: Libre
A47: 45 | B47: 172.17.0.144 | C47: Flores Morales | D47: CEL | E47: Personal | F47: APPLE | G47: iphone 16 | Z47: Libre
A48: 46 | B48: 172.17.0.145 | Z48: Libre
A49: 47 | B49: 172.17.0.146 | C49: Diego Silis | F49: HP | G49: ocupada | M49: Sin/Rest | Z49: Ocupada
A50: 48 | B50: 172.17.0.147 | Z50: Libre
A51: 49 | B51: 172.17.0.148 | C51: Verónica Sánchez | D51: LAP | E51: Institucional | F51: DELL | Z51: Ocupada | AA51: Nave
A52: 50 | B52: 172.17.0.149 | Z52: Libre
A53: 51 | B53: 172.17.0.150 | Z53: Libre
A54: 52 | B54: 172.17.0.151 | C54: Servicio social | Z54: Libre
A55: 53 | B55: 172.17.0.152 | Z55: Libre
A56: 54 | B56: 172.17.0.153 | C56: Aaron | D56: CEL | E56: Personal | F56: APPLE | Z56: Ocupada | AA56: RH
A57: 55 | B57: 172.17.0.154 | Z57: Libre
A58: 56 | B58: 172.17.0.155 | Z58: Libre
A59: 57 | B59: 172.17.0.156 | C59: csixto | D59: cel | E59: Personal | F59: LENOVO | Z59: Ocupada | AA59: RH
A60: 58 | B60: 172.17.0.157 | Z60: Libre
D63: IP´s | E63: LIBRE | F63: OCUPADA | G63: CONFLICTO | H63: TOTAL | J63: IP´s | K63: Con restricciones | M63: Sin restricciones
E64: =COUNTIF($Z$3:$Z$60,DATOS!O2) -> 43 | F64: =COUNTIF($Z$3:$Z$60,DATOS!O3) -> 15 | G64: =COUNTIF($Z$3:$Z$60,DATOS!O4) -> 0 | H64: =SUM(E64:G64) -> 58 | K64: =COUNTIF(M4:$M$60,DATOS!Q2) -> 6 | M64: =COUNTIF($M4:$M$60,DATOS!Q3) -> 2
D66: CONEXIONES | E66: =DATOS!G2 -> INALÁMBRICO | F66: =DATOS!G3 -> ALÁMBRICO | G66: =DATOS!G4 -> ALÁMBRICO/INALÁMBRICO | J66: REGRESAR A LA PESTALLA PRINCIPAL
E67: =COUNTIF(J4:$J$60,DATOS!G2) -> 2 | F67: =COUNTIF(J4:J60,DATOS!G3) -> 0 | G67: =COUNTIF($J4:$J$60,DATOS!G4) -> 0

Sheet DCSR
A1: =RANGO!E7 -> DIRECCIÓN DE COORDINACIÓN SERCTORIAL Y REGIONAL
A2: No. | B2: IP | C2: Usuario o nombre del propietario | D2: Tipo de equipo | E2: Institucional o Personal | F2: Marca | G2: modelo | H2: Número de Serie | I2: MAC | J2: Tipo de Conexión | K2: Confguración de red | L2: Área | M2: Restricciones | N2: YOUTUBE | O2: VIMEO | P2: SPOTIFY | Q2: OTRO STREAMING | R2: FACEBOOK | S2: TIK TOK | T2: INSTAGRAM | U2: WHATSAPP WEB | V2: OTRA RED SOCIAL | W2: SITIOS GUBERNAMENTALES | X2: NOTICIAS | Y2: OTRO | Z2: Estatus | AA2: OBSERVACIONES
A3: 1 | B3: 172.17.0.158 | C3: agalindo | D3: LAP | E3: Institucional | F3: DELL | G3: latitude3420 | H3: 4RLGW93 | I3: 94:E2:3C:25:62:6E | J3: INALÁMBRICO | K3: MANUAL | L3: DCSR | M3: Con/Rest | N3: Sí | O3: Sí | P3: Sí | Q3: no | R3: Sí | S3: Sí | T3: Sí | U3: Sí | V3: no | W3: Sí | X3: Sí | Y3: no | Z3: Ocupada
A4: 2 | B4: 172.17.0.159 | C4: omar sumaya | D4: LAP | E4: Institucional | F4: DELL | G4: latitude3420 | K4: MANUAL | L4: DCSR | M4: Con/Rest | Z4: Ocupada
A5: 3 | B5: 172.17.0.160 | Z5: Libre
A6: 4 | B6: 172.17.0.161 | C6: cgalindo | D6: LAP | E6: Institucional | F6: DELL | G6: latitude3420 | H6: / | I6: 14-85-7F-FF-CB-D4 | J6: INALÁMBRICO | K6: MANUAL | L6: DCSR | M6: Sin/Rest | N6: Sí | O6: Sí | P6: Sí | Q6: no | R6: Sí | S6: Sí | T6: Sí | U6: Sí | V6: no | W6: Sí | X6: Sí | Y6: no | Z6: Ocupada
A7: 5 | B7: 172.17.0.162 | C7: Yoceline Tablet | D7: TABLET | E7: Personal | F7: HUAWEI | Z7: Libre
A8: 6 | B8: 172.17.0.163 | C8: ELAP-LYESCA | D8: LAP | E8: Institucional | F8: DELL | G8: latitude3420 | H8: / | I8: 94-E2-3C-00-CC-7E | J8: INALÁMBRICO | K8: MANUAL | L8: DCSR | M8: Con/Rest | N8: No | O8: No | P8: no | Q8: no | R8: No | S8: No | T8: No | U8: Sí | V8: no | W8: Sí | X8: No | Y8: no | Z8: Ocupada
A9: 7 | B9: 172.17.0.164 | C9: Patricia | D9: LAP | E9: Personal | F9: DELL | L9: DCSR | M9: Con/Rest | N9: Sí | O9: No | P9: no | Q9: no | R9: Sí | S9: Sí | T9: Sí | U9: Sí | V9: no | W9: Sí | X9: Sí | Y9: no | Z9: Ocupada
A10: 8 | B10: 172.17.0.165 | C10: Federico Vidal | D10: LAP | E10: Personal | F10: LENOVO | L10: DCSR | M10: Con/Rest | N10: Sí | O10: No | P10: Sí | Q10: no | R10: Sí | S10: No | T10: Sí | U10: Sí | V10: no | W10: Sí | X10: Sí | Y10: no | Z10: Ocupada
A11: 9 | B11: 172.17.0.166 | C11: sofia acevedo | D11: LAP | E11: Institucional | F11: DELL | Z11: Libre
A12: 10 | B12: 172.17.0.167 | C12: Diego silis | D12: LAP | E12: Personal | L12: DCSR | M12: Con/Rest | N12: Sí | O12: No | P12: no | Q12: no | R12: Sí | S12: Sí | T12: Sí | U12: Sí | V12: no | W12: Sí | X12: Sí | Y12: no | Z12: Ocupada
A13: 11 | B13: 172.17.0.168 | C13: ELAP-GTORRES | D13: LAP | E13: Institucional | F13: DELL | G13: latitude3420 | H13: / | I13: 94-E2-3C-00-41-3C | J13: INALÁMBRICO | K13: MANUAL | L13: OIC | M13: Con/Rest | Z13: Ocupada
A14: 12 | B14: 172.17.0.169 | C14: emiliano | D14: LAP | E14: Personal | G14: desktop-1qlsljr | Z14: Libre
A15: 13 | B15: 172.17.0.170 | C15: Karen Ramírez (Servicio Social) | D15: LAP | E15: Personal | F15: LENOVO | J15: INALÁMBRICO | K15: MANUAL | L15: DCSR | Z15: Ocupada | AA15: Servicio Social
A16: 14 | B16: 172.17.0.171 | C16: psandoval / Invitado | D16: PC | E16: Institucional | F16: DELL | G16: OPTIPLEX 3080 | H16: 8D5YDF3 | I16: B0-4F-13-01-AF-AF | J16: ALÁMBRICO | K16: MANUAL | L16: DCSR | M16: Con/Rest | Z16: Ocupada
A17: 15 | B17: 172.17.0.172 | C17: hmartinez | D17: PC | E17: Institucional | F17: DELL | G17: OPTIPLEX 3080 | H17: 8MMWDF3 | I17: B0-4F-13-00-FA-81 | J17: ALÁMBRICO | K17: MANUAL | L17: DCSR | M17: Con/Rest | N17: Sí | O17: Sí | P17: No | Q17: no | R17: Sí | S17: Sí | T17: Sí | U17: Sí | V17: no | W17: Sí | X17: Sí | Y17: no | Z17: Ocupada
A18: 16 | B18: 172.17.0.173 | C18: bulloa | D18: LAP | E18: Institucional | F18: DELL | L18: DCSR | M18: Con/Rest | Z18: Libre
A19: 17 | B19: 172.17.0.174 | Z19: Libre
A20: 18 | B20: 172.17.0.175 | C20: Edith G. Pérez | D20: LAP | E20: Institucional | F20: DELL | Z20: Ocupada
A21: 19 | B21: 172.17.0.176 | Z21: Libre
A22: 20 | B22: 172.17.0.177 | Z22: Libre
A23: 21 | B23: 172.17.0.178 | Z23: Libre
A24: 22 | B24: 172.17.0.179 | C24: Eduardo Hernandez | D24: LAP | E24: Personal | F24: HP | Z24: Libre
A25: 23 | B25: 172.17.0.180 | Z25: Libre
A26: 24 | B26: 172.17.0.181 | Z26: Libre
A27: 25 | B27: 172.17.0.182 | Z27: Libre
A28: 26 | B28: 172.17.0.183 | C28: Areli DG | Z28: Libre
A29: 27 | B29: 172.17.0.184 | Z29: Libre
A30: 28 | B30: 172.17.0.185 | Z30: Libre
A31: 29 | B31: 172.17.0.186 | C31: Fernando Quiñales Servicio Social | Z31: Ocupada
A32: 30 | B32: 172.17.0.187 | C32: Kevin Gabriel | D32: LAP | E32: Personal | F32: APPLE | Z32: Libre
A33: 31 | B33: 172.17.0.188 | Z33: Libre
A34: 32 | B34: 172.17.0.189 | Z34: Libre
A35: 33 | B35: 172.17.0.190 | C35: Evelyn SS | D35: LAP | E35: Institucional | F35: DELL | Z35: Libre
A36: 34 | B36: 172.17.0.191 | Z36: Libre
A37: 35 | B37: 172.17.0.192 | C37: Sofia Garcia Servicio Social | D37: TABLET | E37: Personal | F37: APPLE | Z37: Libre
A38: 36 | B38: 172.17.0.193 | Z38: Libre
A39: 37 | B39: 172.17.0.194 | Z39: Libre
A40: 38 | B40: 172.17.0.195 | Z40: Libre
A41: 39 | B41: 172.17.0.196 | Z41: Libre
A42: 40 | B42: 172.17.0.197 | Z42: Libre
A43: 41 | B43: 172.17.0.198 | Z43: Libre
A44: 42 | B44: 172.17.0.199 | Z44: Libre
A45: 43 | B45: 172.17.0.200 | Z45: Libre
A46: 44 | B46: 172.17.0.201 | Z46: Libre
A47: 45 | B47: 172.17.0.202 | Z47: Libre
A48: 46 | B48: 172.17.0.203 | Z48: Libre
A49: 47 | B49: 172.17.0.204 | Z49: Libre
A50: 48 | B50: 172.17.0.205 | C50: Karla Alvarado | D50: LAP | E50: Institucional | F50: DELL | Z50: Libre
D52: IP´s | E52: LIBRE | F52: OCUPADA | G52: CONFLICTO | H52: TOTAL | J52: IP´s | K52: Con restricciones | M52: Sin restricciones
E53: =COUNTIF($Z$3:$Z$50,DATOS!O2) -> 35 | F53: =COUNTIF($Z$3:$Z$50,DATOS!O3) -> 13 | G53: =COUNTIF($Z$3:$Z$50,DATOS!O4) -> 0 | H53: =SUM(E53:G53) -> 48 | K53: =COUNTIF(M3:$M$50,DATOS!Q2) -> 10 | M53: =COUNTIF($M3:$M$50,DATOS!Q3) -> 1
D55: CONEXIONES | E55: =DATOS!G2 -> INALÁMBRICO | F55: =DATOS!G3 -> ALÁMBRICO | G55: =DATOS!G4 -> ALÁMBRICO/INALÁMBRICO | J55: REGRESAR A LA PESTALLA PRINCIPAL
E56: =COUNTIF(J3:$J$50,DATOS!G2) -> 5 | F56: =COUNTIF($J3:$J50,DATOS!G3) -> 2 | G56: =COUNTIF($J3:$J$50,DATOS!G4) -> 0

Sheet DAJ
A1: =RANGO!E11 -> DIRECCIÓN DE ASUSTOS JURÍDICOS
A2: No. | B2: IP | C2: Usuario o nombre del propietario | D2: Tipo de equipo | E2: Institucional o Personal | F2: Marca | G2: modelo | H2: Número de Serie | I2: MAC | J2: Tipo de Conexión | K2: Confguración de red | L2: Área | M2: Restricciones | N2: YOUTUBE | O2: VIMEO | P2: SPOTIFY | Q2: OTRO STREAMING | R2: FACEBOOK | S2: TIK TOK | T2: INSTAGRAM | U2: WHATSAPP WEB | V2: OTRA RED SOCIAL | W2: SITIOS GUBERNAMENTALES | X2: NOTICIAS | Y2: OTRO | Z2: Estatus | AA2: OBSERVACIONES
A3: 1 | B3: 172.17.1.85 | C3: Yocelin | D3: LAP | E3: Institucional | F3: DELL | G3: latitude3420 | H3: D9KGW93 | I3: 14:85:7F:FF:D8:90 | J3: INALÁMBRICO | K3: MANUAL | L3: DCSR | M3: Con/Rest | N3: Sí | O3: Sí | P3: Sí | Q3: no | R3: Sí | S3: Sí | T3: Sí | U3: Sí | V3: no | W3: Sí | X3: Sí | Y3: no | Z3: Ocupada
A4: 2 | B4: 172.17.1.86 | Z4: Libre
A5: 3 | B5: 172.17.1.87 | Z5: Ocupada | AA5: Coordinación sectorial
A6: 4 | B6: 172.17.1.88 | Z6: Libre
A7: 5 | B7: 172.17.1.89 | C7: arodriguez | D7: PC | E7: Institucional | F7: DELL | G7: OPTIPLEX 7090 | H7: 8D82FF3 | I7: / | J7: ALÁMBRICO | K7: MANUAL | L7: DAJ | M7: Con/Rest | Z7: Ocupada
A8: 6 | B8: 172.17.1.90 | C8: EPC-ECAMARGO | D8: PC | E8: Institucional | F8: DELL | G8: OPTIPLEX 3080 | H8: / | I8: B0-4F-13-01-AA-2A | J8: ALÁMBRICO | K8: MANUAL | L8: DAJ | M8: Con/Rest | N8: No | O8: NO | P8: No | Q8: NO | R8: No | S8: NO | T8: No | U8: Sí | V8: NO | W8: Sí | X8: No | Y8: NO | Z8: Ocupada
A9: 7 | B9: 172.17.1.91 | Z9: Libre
A10: 8 | B10: 172.17.1.92 | C10: AMartinez | D10: pc | E10: Institucional | F10: DELL | G10: OPTIPLEX 3080 | Z10: Libre
A11: 9 | B11: 172.17.1.93 | M11: Sin/Rest | N11: Sí | O11: No | P11: NO | Q11: NO | R11: No | S11: No | T11: NO | U11: Sí | V11: NO | W11: Sí | X11: NO | Y11: NO | Z11: Ocupada | AA11: RH
A12: 10 | B12: 172.17.1.94 | Z12: Libre
A13: 11 | B13: 172.17.1.95 | Z13: Libre
A14: 12 | B14: 172.17.1.96 | Z14: Libre
A15: 13 | B15: 172.17.1.97 | C15: MARCELA HUERTA | D15: PC | E15: Institucional | F15: DELL | L15: DAJ | M15: Con/Rest | N15: Sí | O15: No | P15: No | Q15: NO | R15: Sí | S15: Sí | T15: Sí | U15: Sí | V15: NO | W15: Sí | X15: No | Y15: NO | Z15: Ocupada
A16: 14 | B16: 172.17.1.98 | Z16: Libre
A17: 15 | B17: 172.17.1.99 | Z17: Libre
A18: 16 | B18: 172.17.1.100 | C18: Lsanchez | D18: lap | E18: Personal | F18: APPLE | G18: MACBOOKAIR-568D | H18: / | I18: 2A-F2-AD-45-88-82 | J18: INALÁMBRICO | K18: MANUAL | L18: DAJ | M18: Con/Rest | N18: No | O18: NO | P18: No | Q18: NO | R18: No | S18: NO | T18: No | U18: Sí | V18: NO | W18: Sí | X18: No | Y18: NO | Z18: Ocupada
A19: 17 | B19: 172.17.1.101 | Z19: Libre
A20: 18 | B20: 172.17.1.102 | Z20: Libre
A21: 19 | B21: 172.17.1.103 | Z21: Libre
D23: IP´s | E23: LIBRE | F23: OCUPADA | G23: CONFLICTO | H23: TOTAL | J23: IP´s | K23: Con restricciones | M23: Sin restricciones
E24: =COUNTIF($Z$3:$Z$21,DATOS!O2) -> 12 | F24: =COUNTIF($Z$3:$Z$21,DATOS!O3) -> 7 | G24: =COUNTIF($Z$3:$Z$21,DATOS!O4) -> 0 | H24: =SUM(E24:G24) -> 19 | K24: =COUNTIF(M3:$M$21,DATOS!Q2) -> 5 | M24: =COUNTIF($M3:$M$21,DATOS!Q3) -> 1
D26: CONEXIONES | E26: =DATOS!G2 -> INALÁMBRICO | F26: =DATOS!G3 -> ALÁMBRICO | G26: =DATOS!G4 -> ALÁMBRICO/INALÁMBRICO | J26: REGRESAR A LA PESTALLA PRINCIPAL
E27: =COUNTIF(J3:$J$21,DATOS!G2) -> 2 | F27: =COUNTIF(J3:J21,DATOS!G3) -> 2 | G27: =COUNTIF($J3:$J$21,DATOS!G4) -> 0

Sheet DEC
A1: =RANGO!E8 -> DIRECCIÓN DE EVALUACIÓN Y CONTROL
A2: No. | B2: IP | C2: Usuario o nombre del propietario | D2: Tipo de equipo | E2: Institucional o Personal | F2: Marca | G2: modelo | H2: Número de Serie | I2: MAC | J2: Tipo de Conexión | K2: Confguración de red | L2: Área | M2: Restricciones | N2: YOUTUBE | O2: VIMEO | P2: SPOTIFY | Q2: OTRO STREAMING | R2: FACEBOOK | S2: TIK TOK | T2: INSTAGRAM | U2: WHATSAPP WEB | V2: OTRA RED SOCIAL | W2: SITIOS GUBERNAMENTALES | X2: NOTICIAS | Y2: OTRO | Z2: Estatus | AA2: OBSERVACIONES
A3: 1 | B3: 172.17.0.206 | Z3: Libre
A4: 2 | B4: 172.17.0.207 | Z4: Libre
A5: 3 | B5: 172.17.0.208 | C5: call | Z5: Libre
A6: 4 | B6: 172.17.0.209 | C6: call | Z6: Libre
A7: 5 | B7: 172.17.0.210 | C7: Uriel jarquin | D7: LAP | E7: Institucional | F7: DELL | Z7: Libre
A8: 6 | B8: 172.17.0.211 | C8: elap-dluna | D8: LAP | E8: Institucional | F8: DELL | G8: latitude3420 | I8: 14:85:7F:FF:F0:19 | Z8: Ocupada
A9: 7 | B9: 172.17.0.212 | C9: azoquiapa | D9: PC | E9: Institucional | F9: DELL | G9: OPTIPLEX 3080 | H9: / | I9: B0-4F-13-01-B2-27 | J9: ALÁMBRICO | K9: MANUAL | L9: DEC | M9: Con/Rest | Z9: Ocupada
A10: 8 | B10: 172.17.0.213 | Z10: Libre
A11: 9 | B11: 172.17.0.214 | Z11: Libre
A12: 10 | B12: 172.17.0.215 | C12: ELAP-LRODRIGUEZ | D12: LAP | E12: Institucional | F12: DELL | G12: latitude3420 | J12: INALÁMBRICO | K12: MANUAL | L12: DEC | M12: Con/Rest | Z12: Ocupada
A13: 11 | B13: 172.17.0.216 | C13: Piedad | D13: LAP | E13: Institucional | F13: DELL | Z13: Ocupada
A14: 12 | B14: 172.17.0.217 | C14: elap-kpena | D14: LAP | E14: Institucional | F14: DELL | G14: latitude3420 | H14: 3MLGW93 | I14: 14:85:7F:FF:10:F9 | J14: INALÁMBRICO | K14: MANUAL | L14: DEC | M14: Con/Rest | Z14: Ocupada
A15: 13 | B15: 172.17.0.218 | Z15: Libre
A16: 14 | B16: 172.17.0.219 | Z16: Libre
A17: 15 | B17: 172.17.0.220 | C17: Alejandra SS | D17: LAP | E17: Personal | F17: DELL | L17: DRHM | Z17: Ocupada
A18: 16 | B18: 172.17.0.221 | Z18: Libre
A19: 17 | B19: 172.17.0.222 | Z19: Libre
A20: 18 | B20: 172.17.0.223 | Z20: Libre
A21: 19 | B21: 172.17.0.224 | C21: Ricardo Cruz | D21: LAP | E21: Institucional | F21: DELL | J21: INALÁMBRICO | K21: MANUAL | L21: DEC | Z21: Ocupada
A22: 20 | B22: 172.17.0.225 | C22: Hazziel | D22: PC | E22: Personal | F22: APPLE | Z22: Ocupada
A23: 21 | B23: 172.17.0.226 | C23: Ana patricia | D23: CEL | E23: Personal | F23: APPLE | L23: DRHM | Z23: Ocupada | AA23: RH
A24: 22 | B24: 172.17.0.227 | C24: Hazziel | D24: LAP | E24: Institucional | F24: DELL | Z24: Ocupada
A25: 23 | B25: 172.17.0.228 | C25: call | D25: CEL | Z25: Libre
A26: 24 | B26: 172.17.0.229 | C26: call | D26: CEL | Z26: Libre
A27: 25 | B27: 172.17.0.230 | Z27: Libre
A28: 26 | B28: 172.17.0.231 | C28: call | D28: CEL | Z28: Libre
A29: 27 | B29: 172.17.0.232 | C29: Emiliano | D29: LAP | E29: Personal | F29: HUAWEI | Z29: Ocupada
A30: 28 | B30: 172.17.0.233 | C30: call | Z30: Libre
A31: 29 | B31: 172.17.0.234 | C31: call | Z31: Libre
A32: 30 | B32: 172.17.0.235 | Z32: Libre
A33: 31 | B33: 172.17.0.236 | Z33: Libre
A34: 32 | B34: 172.17.0.237 | Z34: Libre
A35: 33 | B35: 172.17.0.238 | Z35: Libre
A36: 34 | B36: 172.17.0.239 | C36: jsigales | D36: CEL | E36: Personal | F36: APPLE | Z36: Ocupada
A37: 35 | B37: 172.17.0.240 | C37: Romina SS | D37: LAP | E37: Personal | F37: HP | J37: INALÁMBRICO | K37: MANUAL | L37: DEC | Z37: Ocupada
A38: 36 | B38: 172.17.0.241 | Z38: Libre
A39: 37 | B39: 172.17.0.242 | Z39: Libre
D41: IP´s | E41: LIBRE | F41: OCUPADA | G41: CONFLICTO | H41: TOTAL | J41: IP´s | K41: Con restricciones | M41: Sin restricciones
E42: =COUNTIF($Z$3:$Z$39,DATOS!O2) -> 24 | F42: =COUNTIF($Z$3:$Z$39,DATOS!O3) -> 13 | G42: =COUNTIF($Z$3:$Z$39,DATOS!O4) -> 0 | H42: =SUM(E42:G42) -> 37 | K42: =COUNTIF(M3:$M$39,DATOS!Q2) -> 3 | M42: =COUNTIF($M3:$M$39,DATOS!Q3) -> 0
D44: CONEXIONES | E44: =DATOS!G2 -> INALÁMBRICO | F44: =DATOS!G3 -> ALÁMBRICO | G44: =DATOS!G4 -> ALÁMBRICO/INALÁMBRICO | J44: REGRESAR A LA PESTALLA PRINCIPAL
E45: =COUNTIF(J3:$J$39,DATOS!G2) -> 4 | F45: =COUNTIF($J$3:$J$39,DATOS!G3) -> 1 | G45: =COUNTIF($J3:$J$39,DATOS!G4) -> 0

Sheet DF
A1: =RANGO!E9 -> DIRECCIÓN DE FINANZAS
A2: No. | B2: IP | C2: Usuario o nombre del propietario | D2: Tipo de equipo | E2: Institucional o Personal | F2: Marca | G2: modelo | H2: Número de Serie | I2: MAC | J2: Tipo de Conexión | K2: Confguración de red | L2: Área | M2: Restricciones | N2: YOUTUBE | O2: VIMEO | P2: SPOTIFY | Q2: OTRO STREAMING | R2: FACEBOOK | S2: TIK TOK | T2: INSTAGRAM | U2: WHATSAPP WEB | V2: OTRA RED SOCIAL | W2: SITIOS GUBERNAMENTALES | X2: NOTICIAS | Y2: OTRO | Z2: Estatus | AA2: OBSERVACIONES
A3: 1 | B3: 172.17.0.243 | C3: Dulce sarmiento | D3: LAP | E3: Institucional | F3: DELL | G3: OPTIPLEX 3080 | H3: / | I3: 94:E2:3C:01:BA:49 | J3: INALÁMBRICO | K3: MANUAL | L3: DIEJ | M3: Con/Rest | N3: Sí | O3: No | P3: Sí | R3: no | S3: No | T3: No | U3: Sí | W3: Sí | X3: Sí | Y3: zoom | Z3: Ocupada
A4: 2 | B4: 172.17.0.244 | Z4: Libre
A5: 3 | B5: 172.17.0.245 | C5: MUVALLE/OMAR SAUD | D5: PC | E5: Institucional | L5: DF | M5: Con/Rest | N5: No | O5: No | P5: Sí | Q5: NO | R5: No | S5: No | T5: No | U5: Sí | V5: NO | W5: Sí | X5: Sí | Y5: ZOOM | Z5: Ocupada
A6: 4 | B6: 172.17.0.246 | C6: amedina | D6: pc | E6: Institucional | F6: DELL | L6: DF | M6: Con/Rest | N6: No | O6: no | P6: Sí | Q6: no | R6: no | S6: No | T6: no | U6: sí | V6: no | W6: Sí | X6: Sí | Y6: zoom | Z6: Ocupada
A7: 5 | B7: 172.17.0.247 | Z7: Libre
A8: 6 | B8: 172.17.0.248 | C8: glira | D8: LAP | E8: Institucional | F8: DELL | G8: latitude3420 | H8: 1TLGW93 | I8: 94-E2-3C-26-80-90 | J8: INALÁMBRICO | K8: MANUAL | L8: DBEJ | M8: Con/Rest | N8: No | O8: No | P8: Sí | Q8: NO | R8: No | S8: No | T8: No | U8: Sí | V8: NO | W8: Sí | X8: Sí | Y8: ZOOM | Z8: Ocupada
A9: 7 | B9: 172.17.0.249 | C9: sreyes | D9: LAP | E9: Institucional | F9: DELL | G9: latitude3420 | H9: 93KGW93 | J9: INALÁMBRICO | K9: MANUAL | L9: DF | M9: Con/Rest | N9: No | O9: No | P9: Sí | Q9: NO | R9: No | S9: No | T9: No | U9: Sí | V9: NO | W9: Sí | X9: Sí | Y9: NO | Z9: Ocupada
A10: 8 | B10: 172.17.0.250 | C10: JLopez | D10: CEL | E10: Personal | F10: XIAOMI | Z10: Libre
A11: 9 | B11: 172.17.0.251 | C11: ELAP-JALOPEZ | D11: LAP | E11: Institucional | F11: DELL | G11: latitude3420 | H11: CBJGW93 | J11: INALÁMBRICO | K11: MANUAL | L11: DF | M11: Con/Rest | N11: Sí | O11: No | P11: No | Q11: NO | R11: No | S11: No | T11: No | U11: Sí | V11: NO | W11: Sí | X11: Sí | Y11: ZOOM | Z11: Ocupada
A12: 10 | B12: 172.17.0.252 | C12: EPC-JALOPEZ1 | D12: PC | E12: Institucional | F12: DELL | G12: OPTIPLEX 7090 | H12: 9WND2G3 | I12: D0-8E-79-05-23-29 | J12: INALÁMBRICO | K12: MANUAL | L12: DF | M12: Con/Rest | N12: Sí | O12: No | P12: No | Q12: NO | R12: No | S12: No | T12: No | U12: Sí | V12: NO | W12: Sí | X12: Sí | Y12: ZOOM | Z12: Ocupada
A13: 11 | B13: 172.17.0.253 | C13: vcastro | D13: PC | E13: Institucional | F13: DELL | L13: DF | N13: Sí | O13: No | P13: Sí | Q13: NO | R13: No | S13: NO | T13: NO | U13: Sí | V13: NO | W13: Sí | X13: Sí | Y13: ZOOM | Z13: Ocupada
A14: 12 | B14: 172.17.0.254 | C14: mixtli peñaloza | D14: PC | E14: Institucional | F14: DELL | G14: OPTIPLEX 3080 | H14: 8ML0FF3 | I14: B0-4F-13-00-FA-AF | J14: ALÁMBRICO | K14: MANUAL | L14: DF | M14: Con/Rest | Z14: Ocupada
A15: 13 | B15: 172.17.1.01 | C15: DCARVENTE | D15: PC | E15: Institucional | F15: DELL | J15: INALÁMBRICO | K15: MANUAL | L15: DF | M15: Con/Rest | N15: Sí | O15: No | P15: Sí | Q15: NO | R15: NO | S15: NO | T15: No | U15: Sí | V15: NO | W15: Sí | X15: Sí | Y15: ZOOM, TEAMS | Z15: Ocupada
A16: 14 | B16: 172.17.1.02 | C16: JSANCHEZ | D16: PC | E16: Institucional | F16: DELL | G16: OPTIPLEX 7090 | L16: DF | M16: Con/Rest | N16: Sí | O16: No | P16: Sí | Q16: NO | R16: No | S16: No | T16: No | U16: Sí | V16: NO | W16: Sí | X16: Sí | Y16: ZOOM | Z16: Ocupada
A17: 15 | B17: 172.17.1.03 | C17: EPC-AGARCIAR | D17: PC | E17: Institucional | F17: DELL | G17: OPTIPLEX 7090 | H17: 9WMJ2G3 | I17: D0-8E-79-05-23-3B | J17: ALÁMBRICO | K17: MANUAL | L17: DF | M17: Con/Rest | N17: No | O17: No | P17: Sí | Q17: NO | R17: No | S17: No | T17: No | U17: Sí | V17: NO | W17: Sí | X17: Sí | Y17: ZOOM, TIDAL MUSIC | Z17: Ocupada
A18: 16 | B18: 172.17.1.04 | C18: avilla | D18: LAP | E18: Institucional | F18: DELL | G18: latitude3420 | H18: 2GJGW93 | I18: C0-25-A5-47-4F-77 | J18: INALÁMBRICO | K18: MANUAL | L18: DF | M18: Con/Rest | N18: No | O18: No | P18: Sí | Q18: NO | R18: No | S18: No | T18: No | U18: Sí | V18: NO | W18: Sí | X18: Sí | Y18: ZOOM | Z18: Ocupada
A19: 17 | B19: 172.17.1.05 | C19: Fernanda Mosso | D19: LAP | E19: Institucional | F19: DELL | J19: INALÁMBRICO | K19: MANUAL | L19: DF | Z19: Ocupada
A20: 18 | B20: 172.17.1.06 | Z20: Libre
A21: 19 | B21: 172.17.1.07 | C21: pmixtli | D21: CEL | E21: Personal | F21: SAMSUNG | L21: DF | M21: Con/Rest | N21: Sí | O21: No | P21: No | Q21: amazon music | R21: No | S21: No | T21: No | U21: Sí | V21: no | W21: Sí | X21: Sí | Y21: zoom, teams | Z21: Ocupada
A22: 20 | B22: 172.17.1.08 | Z22: Libre
A23: 21 | B23: 172.17.1.09 | C23: EPC-AAMADOR | D23: PC | E23: Institucional | F23: DELL | G23: OPTIPLEX 7090 | H23: / | I23: B0-4F-13-01-AA-5C | J23: ALÁMBRICO | K23: MANUAL | L23: DF | M23: Con/Rest | N23: No | O23: No | P23: Sí | Q23: NO | R23: No | S23: No | T23: No | U23: Sí | V23: NO | W23: Sí | X23: Sí | Y23: ZOOM | Z23: Ocupada
A24: 22 | B24: 172.17.1.10 | Z24: Libre
A25: 23 | B25: 172.17.1.11 | C25: DCARVENTE | Z25: Libre
A26: 24 | B26: 172.17.1.12 | Z26: Libre
A27: 25 | B27: 172.17.1.13 | C27: Laptop Finanzas | D27: LAP | E27: Personal | Z27: Libre
A28: 26 | B28: 172.17.1.14 | C28: omar saud | D28: PC | E28: Institucional | Z28: Libre
A29: 27 | B29: 172.17.1.15 | Z29: Libre
A30: 28 | B30: 172.17.1.16 | C30: MUVALLE | Z30: Libre
A31: 29 | B31: 172.17.1.17 | C31: ITZEL | D31: CEL | E31: Personal | F31: APPLE | N31: Sí | O31: Sí | P31: Sí | Q31: Sí | R31: Sí | S31: Sí | T31: Sí | U31: Sí | V31: Sí | W31: Sí | X31: Sí | Y31: Sí | Z31: Ocupada | AA31: RELACIONES INTERNACIONALES
A32: 30 | B32: 172.17.1.18 | Z32: Libre
A33: 31 | B33: 172.17.1.19 | Z33: Libre
A34: 32 | B34: 172.17.1.20 | C34: ITZEL | D34: LAP | E34: Institucional | F34: DELL | L34: DCS | M34: Con/Rest | N34: Sí | O34: Sí | P34: Sí | Q34: Sí | R34: Sí | S34: Sí | T34: Sí | U34: Sí | V34: Sí | W34: Sí | X34: Sí | Y34: Sí | Z34: Ocupada | AA34: RELACIONES INTERNACIONALES
A35: 33 | B35: 172.17.1.21 | C35: Tarjeta joven 1 | Z35: Ocupada
A36: 34 | B36: 172.17.1.22 | C36: WENDY | D36: CEL | E36: Personal | F36: APPLE | G36: IPHONE | N36: Sí | O36: Sí | P36: Sí | Q36: Sí | R36: Sí | S36: Sí | T36: Sí | U36: Sí | V36: Sí | W36: Sí | X36: Sí | Y36: Sí | Z36: Ocupada | AA36: RELACIONES INTERNACIONALES
D38: IP´s | E38: LIBRE | F38: OCUPADA | G38: CONFLICTO | H38: TOTAL | J38: IP´s | K38: Con restricciones | M38: Sin restricciones
E39: =COUNTIF($Z$3:$Z$36,DATOS!O2) -> 14 | F39: =COUNTIF($Z$3:$Z$36,DATOS!O3) -> 20 | G39: =COUNTIF($Z$3:$Z$36,DATOS!O4) -> 0 | H39: =SUM(E39:G39) -> 34 | K39: =COUNTIF(M3:$M$36,DATOS!Q2) -> 15 | M39: =COUNTIF($M3:$M$36,DATOS!Q3) -> 0
D41: CONEXIONES | E41: =DATOS!G2 -> INALÁMBRICO | F41: =DATOS!G3 -> ALÁMBRICO | G41: =DATOS!G4 -> ALÁMBRICO/INALÁMBRICO | J41: REGRESAR A LA PESTALLA PRINCIPAL
E42: =COUNTIF(J3:$J$36,DATOS!G2) -> 8 | F42: =COUNTIF(J3:J36,DATOS!G3) -> 3 | G42: =COUNTIF($J3:$J$36,DATOS!G4) -> 0

Sheet DRHM
A1: =RANGO!E10 -> DIRECCIÓN DE RECURSOS HUMANOS Y MATERIALES
A2: No. | B2: IP | C2: Usuario o nombre del propietario | D2: Tipo de equipo | E2: Institucional o Personal | F2: Marca | G2: modelo | H2: Número de Serie | I2: MAC | J2: Tipo de Conexión | K2: Confguración de red | L2: Área | M2: Restricciones | N2: YOUTUBE | O2: VIMEO | P2: SPOTIFY | Q2: OTRO STREAMING | R2: FACEBOOK | S2: TIK TOK | T2: INSTAGRAM | U2: WHATSAPP WEB | V2: OTRA RED SOCIAL | W2: SITIOS GUBERNAMENTALES | X2: NOTICIAS | Y2: OTRO | Z2: Estatus | AA2: OBSERVACIONES
A3: 1 | B3: 172.17.1.23 | C3: Seguridad Giller,o Callejas | D3: CEL | E3: personal | F3: SAMSUNG | G3: sm-a037m | H3: r9hrb02cjtk | J3: INALÁMBRICO | K3: MANUAL | Z3: Conflicto | AA3: Muy lenta , seguridad
A4: 2 | B4: 172.17.1.24 | C4: CROMERO | D4: PC | E4: INSTITUCIONAL | L4: DRHM | N4: NO | O4: NO | P4: NO | Q4: NO | R4: NO | S4: NO | T4: NO | U4: SÍ | V4: NO | W4: SÍ | X4: NO | Y4: NO | Z4: Ocupada
A5: 3 | B5: 172.17.1.25 | D5: pc | E5: INSTITUCIONAL | Z5: Libre
A6: 4 | B6: 172.17.1.26 | C6: msandoval | D6: LAP | E6: Personal | F6: DELL | G6: OPTIPLEX 3080 | H6: / | I6: D0:8E79:05:23:37 | J6: INALÁMBRICO | K6: MANUAL | L6: DRHM | M6: Con/Rest | Z6: Ocupada
A7: 5 | B7: 172.17.1.27 | C7: Subdirección RHM | D7: LAP | E7: Institucional | F7: DELL | G7: latitude3420 | H7: / | I7: EC-63-D7-CF-04-EA | J7: INALÁMBRICO | K7: MANUAL | L7: DRHM | M7: Con/Rest | Z7: Ocupada | AA7: Finanzas
A8: 6 | B8: 172.17.1.28 | C8: aron lap ss psi | D8: LAP | E8: Personal | Z8: Libre
A9: 7 | B9: 172.17.1.29 | C9: Bernardo Cel | D9: CEL | E9: Personal | Z9: Ocupada
A10: 8 | B10: 172.17.1.30 | C10: ELAP-JBARCENAS | D10: LAP | E10: Institucional | F10: DELL | G10: latitude3420 | H10: / | I10: EC:63:D7:CF:C0:88 | J10: INALÁMBRICO | K10: MANUAL | L10: DRHM | M10: Con/Rest | N10: Sí | P10: Sí | R10: Sí | S10: No | T10: No | U10: Sí | V10: No | W10: Sí | X10: Sí | Z10: Ocupada
A11: 9 | B11: 172.17.1.31 | Z11: Libre
A12: 10 | B12: 172.17.1.32 | C12: msandoval | D12: PC | E12: Institucional | N12: Sí | O12: No | P12: Sí | Q12: no | R12: Sí | S12: No | T12: Sí | U12: Sí | V12: No | W12: Sí | X12: Sí | Y12: solicita navegacion abierta | Z12: Libre
A13: 11 | B13: 172.17.1.33 | C13: Carlos Six | D13: LAP | E13: Personal | F13: HP | J13: INALÁMBRICO | K13: MANUAL | L13: DRHM | M13: Con/Rest | Z13: Ocupada
A14: 12 | B14: 172.17.1.34 | C14: GLAU | Z14: Libre
A15: 13 | B15: 172.17.1.35 | C15: mluna | D15: PC | E15: Institucional | F15: DELL | G15: OPTIPLEX 3080 | H15: / | I15: D0-8E-79-05-23-D1 | J15: INALÁMBRICO | K15: MANUAL | L15: DRHM | M15: Con/Rest | N15: Sí | O15: No | P15: No | Q15: no | R15: No | S15: No | T15: No | U15: Sí | V15: No | W15: Sí | X15: Sí | Y15: Se solicita navegacion abierta | Z15: Ocupada
A16: 14 | B16: 172.17.1.36 | C16: Gelauriano | D16: LAP | E16: Institucional | F16: DELL | H16: / | J16: INALÁMBRICO | K16: MANUAL | L16: DRHM | M16: Con/Rest | N16: Sí | O16: No | P16: No | Q16: no | R16: No | S16: No | T16: No | U16: Sí | V16: no | W16: Sí | X16: Sí | Y16: navegacion abierta | Z16: Libre
A17: 15 | B17: 172.17.1.37 | C17: Salatiel | D17: CEL | E17: Personal | F17: XIAOMI | Z17: Libre
A18: 16 | B18: 172.17.1.38 | C18: lgutierrez/egonzalez | D18: PC | E18: Institucional | F18: DELL | G18: OPTIPLEX 3080 | H18: / | I18: B0:4F:13:01:B2:1A | J18: ALÁMBRICO | K18: MANUAL | L18: DRHM | M18: Con/Rest | N18: Sí | O18: no | P18: no | Q18: no | R18: no | S18: no | T18: no | U18: Sí | V18: no | W18: Sí | X18: No | Z18: Ocupada
A19: 17 | B19: 172.17.1.39 | C19: NMOSKO | D19: LAP | E19: Institucional | F19: DELL | G19: OPTIPLEX 3080 | H19: / | I19: B0-4F-13-01-B2-C2 | J19: ALÁMBRICO | K19: MANUAL | L19: DRHM | M19: Con/Rest | N19: Sí | O19: no | P19: no | Q19: no | R19: no | S19: no | T19: no | U19: Sí | V19: no | W19: Sí | X19: No | Z19: Ocupada
A20: 18 | B20: 172.17.1.40 | C20: jgonzalez | D20: CEL | E20: Personal | F20: SAMSUNG | N20: Sí | O20: no | P20: no | Q20: no | R20: no | S20: no | T20: no | U20: Sí | V20: no | W20: Sí | X20: No | Z20: Ocupada
A21: 19 | B21: 172.17.1.41 | C21: Allison Servicio Social | D21: Cel | E21: Personal | F21: SAMSUNG | G21: Android | J21: INALÁMBRICO | K21: MANUAL | L21: DRHM | M21: Con/Rest | N21: Sí | O21: no | P21: no | Q21: no | R21: no | S21: no | T21: no | U21: Sí | V21: no | W21: Sí | X21: No | Z21: Ocupada
A22: 20 | B22: 172.17.1.42 | C22: JGONZALEZ | Z22: Libre
A23: 21 | B23: 172.17.1.43 | C23: servicio Social Recursos Materiales | D23: CEL | E23: Personal | F23: APPLE | Z23: Ocupada
A24: 22 | B24: 172.17.1.44 | C24: crios | D24: PC | E24: Institucional | F24: DELL | G24: OPTIPLEX 3080 | H24: / | I24: B0-4F-13-01-AF-AD | J24: ALÁMBRICO | K24: MANUAL | L24: DRHM | M24: Con/Rest | N24: Sí | O24: NO | P24: NO | Q24: NO | R24: NO | S24: NO | T24: NO | U24: Sí | V24: NO | W24: Sí | X24: NO | Y24: NAVEGACION ABIERTA | Z24: Ocupada
A25: 23 | B25: 172.17.1.45 | C25: grivera | D25: LAP | E25: Institucional | F25: DELL | G25: latitude3420 | H25: JMLGW93 | I25: 14-85-7F-FF-B6-AD | J25: INALÁMBRICO | K25: MANUAL | L25: DRHM | M25: Sin/Rest | N25: Sí | O25: No | P25: No | R25: No | S25: No | T25: No | U25: Sí | W25: Sí | X25: No | Y25: NAVEGACION ABIERTA | Z25: Ocupada
A26: 24 | B26: 172.17.1.46 | C26: iarriaga | D26: PC | E26: Institucional | F26: DELL | G26: OPTIPLEX 3080 | H26: / | I26: B0-4F-13-00-F9-FA | J26: ALÁMBRICO | K26: MANUAL | L26: DRHM | M26: Con/Rest | N26: Sí | O26: No | R26: No | S26: No | T26: No | U26: Sí | W26: Sí | X26: Sí | Y26: NAVEGACION ABIERTA | Z26: Ocupada
A27: 25 | B27: 172.17.1.47 | C27: Servicio Social 2 | D27: LAP | E27: Institucional | M27: Sin/Rest | Z27: Ocupada
A28: 26 | B28: 172.17.1.48 | C28: AbrahamSandoval | D28: PC | E28: Institucional | F28: DELL | G28: OPTIPLEX 3080 | H28: / | I28: B0-4F-13-01-AE-98 | J28: ALÁMBRICO | K28: MANUAL | L28: DRHM | M28: Con/Rest | N28: Sí | O28: NO | P28: NO | Q28: NO | R28: NO | S28: NO | T28: NO | U28: Sí | V28: NO | W28: Sí | X28: NO | Z28: Ocupada
A29: 27 | B29: 172.17.1.49 | C29: BMARTINEZ | D29: LAP | E29: Institucional | Z29: Libre
A30: 28 | B30: 172.17.1.50 | C30: Alejandra (sin color) | D30: CEL | E30: Personal | F30: APPLE | G30: Iphone 12 | Z30: Libre
A31: 29 | B31: 172.17.1.51 | C31: servicio Social Recursos Materiales | D31: CEL | E31: Personal | F31: SAMSUNG | Z31: Ocupada
A32: 30 | B32: 172.17.1.52 | C32: SERVICIO SOCIAL 1 (PERSONAL) | D32: LAP | E32: Institucional | F32: DELL | N32: Sí | O32: NO | P32: NO | Q32: NO | R32: NO | S32: NO | T32: NO | U32: Sí | V32: NO | W32: Sí | X32: NO | Z32: Ocupada
A33: 31 | B33: 172.17.1.53 | C33: Sindicato | D33: PC | E33: Institucional | J33: INALÁMBRICO | K33: MANUAL | Z33: Ocupada
A34: 32 | B34: 172.17.1.54 | C34: Diego | D34: CEL | E34: Personal | L34: DCS | Z34: Ocupada
A35: 33 | B35: 172.17.1.55 | C35: Jessica Barcenas | D35: LAP | E35: Institucional | F35: DELL | J35: INALÁMBRICO | K35: MANUAL | L35: DEC | Z35: Ocupada
A36: 34 | B36: 172.17.1.56 | C36: Bernardo Guillen | D36: PC | E36: Institucional | F36: DELL | Z36: Ocupada
A37: 35 | B37: 172.17.1.57 | Z37: Libre
A38: 36 | B38: 172.17.1.58 | C38: Yao Cruz | D38: LAP | E38: Institucional | F38: DELL | G38: latitude3420 | H38: / | I38: 14:85:7F:FE:8C:1A | J38: INALÁMBRICO | K38: MANUAL | L38: DRHM | M38: Con/Rest | N38: Sí | O38: no | P38: no | Q38: no | R38: no | S38: no | T38: no | U38: Sí | V38: no | W38: Sí | X38: Sí | Y38: solicita navegacion abierts | Z38: Ocupada
A39: 37 | B39: 172.17.1.59 | C39: Servicio Social 1 | D39: LAP | E39: Institucional | F39: DELL | G39: latitude3420 | J39: INALÁMBRICO | K39: MANUAL | N39: Sí | O39: no | P39: Sí | Q39: no | R39: no | S39: no | T39: Sí | U39: Sí | V39: no | W39: Sí | X39: Sí | Y39: solicita navegacion abierts | Z39: Ocupada
A40: 38 | B40: 172.17.1.60 | C40: g rivera | D40: CEL | E40: Personal | Y40: solicitar navegación abierta | Z40: Libre
A41: 39 | B41: 172.17.1.61 | C41: jimena Cruz | D41: TABLET | E41: Personal | N41: Sí | O41: Sí | P41: Sí | R41: Sí | S41: Sí | T41: Sí | U41: Sí | V41: Sí | W41: Sí | X41: Sí | Y41: navegacion abierta | Z41: Libre
A42: 40 | B42: 172.17.1.62 | C42: Servicio Social 2 | D42: LAP | E42: Institucional | F42: DELL | G42: latitud 3420 | H42: 84KGW93 | J42: INALÁMBRICO | K42: MANUAL | L42: DRHM | M42: Con/Rest | N42: Sí | O42: No | P42: Sí | R42: Sí | S42: No | T42: Sí | U42: Sí | V42: Sí | W42: Sí | X42: Sí | Y42: navegacion abierta | Z42: Ocupada
A43: 41 | B43: 172.17.1.63 | C43: SSMATERIALES 2 / SGOMEZ | D43: LAP | E43: Institucional | Z43: Libre
A44: 42 | B44: 172.17.1.64 | C44: Servicio social rh | D44: LAP | E44: Institucional | F44: DELL | G44: latitud 3420 | Z44: Ocupada
A45: 43 | B45: 172.17.1.65 | C45: malvarado/vraul | D45: PC | E45: Institucional | F45: DELL | G45: OPTIPLEX 7090 | H45: / | I45: D0:8E:79:05:23:3C | J45: INALÁMBRICO | K45: MANUAL | L45: DRHM | M45: Con/Rest | N45: Sí | O45: No | P45: No | Q45: no | R45: No | S45: No | T45: No | U45: Sí | V45: No | W45: Sí | X45: No | Y45: navegacion abierta | Z45: Ocupada
A46: 44 | B46: 172.17.1.66 | C46: jsidales | D46: LAP | E46: Institucional | F46: DELL | G46: latitud 3420 | H46: / | J46: INALÁMBRICO | K46: MANUAL | L46: DRHM | M46: Con/Rest | N46: No | O46: No | P46: Sí | Q46: no | R46: Sí | S46: Sí | T46: Sí | U46: Sí | W46: No | X46: No | Y46: navegacion abierta | Z46: Ocupada
A47: 45 | B47: 172.17.1.67 | C47: Toño | Z47: Libre
A48: 46 | B48: 172.17.1.68 | C48: Jessica iPad | Z48: Libre
A49: 47 | B49: 172.17.1.69 | C49: Beatriz limpieza | Z49: Libre
A50: 48 | B50: 172.17.1.70 | C50: Raul Recursos Materiales | D50: CEL | E50: Personal | F50: APPLE | G50: Iphone 16 Pro | J50: INALÁMBRICO | K50: MANUAL | Z50: Ocupada
A51: 49 | B51: 172.17.1.71 | C51: Lizbeth (Vigilancia) | D51: CEL | E51: Personal | Z51: Libre
A52: 50 | B52: 172.17.1.78 | C52: gullermo vigilancia | L52: DRHM | Z52: Libre
A53: 51 | B53: 172.17.1.73 | C53: yesenia camacho | Z53: Libre
A54: 52 | B54: 172.17.1.74 | C54: Daniel (Vigilancia) | D54: CEL | E54: Personal | Z54: Libre
A55: 53 | B55: 172.17.1.75 | C55: Jessica Araceli | D55: CEL | E55: Personal | F55: APPLE | Z55: Libre
A56: 54 | B56: 172.17.1.76 | C56: ATZIRY SS | D56: CEL | E56: Personal | F56: APPLE | Z56: Libre
A57: 55 | B57: 172.17.1.77 | C57: Gama (ss) | D57: CEL | E57: Personal | F57: APPLE | G57: Iphone SE (creo) | Z57: Libre
A58: 56 | B58: 172.17.1.78 | C58: Carolina (vigilancia) | Z58: Libre
A59: 57 | B59: 172.17.1.79 | C59: Isaac (Servicio Social) | D59: TABLET | E59: Personal | F59: OTRO | J59: INALÁMBRICO | K59: MANUAL | L59: DCS | Z59: Ocupada | AA59: Comunicación Social
A60: 58 | B60: 172.17.1.80 | C60: Materiales SS | D60: LAP | E60: Institucional | J60: INALÁMBRICO | K60: MANUAL | N60: Sí | O60: NO | P60: NO | Q60: NO | R60: NO | S60: NO | T60: NO | U60: Sí | V60: NO | W60: Sí | X60: NO | Y60: NO | Z60: Ocupada
A61: 59 | B61: 172.17.1.81 | D61: CEL | E61: Personal | Z61: Libre
A62: 60 | B62: 172.17.1.82 | C62: Vigilancia Enero 2026 | D62: CEL | Z62: Libre
A63: 61 | B63: 172.17.1.83 | C63: Maria Soledad Limpieza | Z63: Libre
A64: 62 | B64: 172.17.1.84 | Z64: Libre
D66: IP´s | E66: LIBRE | F66: OCUPADA | G66: CONFLICTO | H66: TOTAL | J66: IP´s | K66: Con restricciones | M66: Sin restricciones
E67: =COUNTIF($Z$3:$Z$64,DATOS!O2) -> 29 | F67: =COUNTIF($Z$3:$Z$64,DATOS!O3) -> 32 | G67: =COUNTIF($Z$3:$Z$64,DATOS!O4) -> 1 | H67: =SUM(E67:G67) -> 62 | K67: =COUNTIF(M3:$M$64,DATOS!Q2) -> 16 | M67: =COUNTIF($M3:$M$64,DATOS!Q3) -> 2
D69: CONEXIONES | E69: =DATOS!G2 -> INALÁMBRICO | F69: =DATOS!G3 -> ALÁMBRICO | G69: =DATOS!G4 -> ALÁMBRICO/INALÁMBRICO | J69: REGRESAR A LA PESTALLA PRINCIPAL
E70: =COUNTIF(J3:$J$64,DATOS!G2) -> 19 | F70: =COUNTIF(J3:J64,DATOS!G3) -> 5 | G70: =COUNTIF($J3:$J$64,DATOS!G4) -> 0

Sheet DCS
A1: =RANGO!E12 -> DIRECCIÓN DE COMUNICACIÓN SOCIAL
A2: No. | B2: IP | C2: Usuario o nombre del propietario | D2: Tipo de equipo | E2: Institucional o Personal | F2: Marca | G2: modelo | H2: Número de Serie | I2: MAC | J2: Tipo de Conexión | K2: Confguración de red | L2: Área | M2: Restricciones | N2: YOUTUBE | O2: VIMEO | P2: SPOTIFY | Q2: OTRO STREAMING | R2: FACEBOOK | S2: TIK TOK | T2: INSTAGRAM | U2: WHATSAPP WEB | V2: OTRA RED SOCIAL | W2: SITIOS GUBERNAMENTALES | X2: NOTICIAS | Y2: OTRO | Z2: Estatus | AA2: OBSERVACIONES
A3: 1 | B3: 172.17.1.104 | C3: Guadalupe Pimentel | D3: PC | Z3: Libre
A4: 2 | B4: 172.17.1.105 | C4: RLUNA | D4: LAP | E4: Institucional | F4: DELL | G4: latitude3420 | H4: / | I4: 94:E2:3C:00:E9:7A | J4: INALÁMBRICO | K4: MANUAL | L4: DCS | M4: Sin/Rest | N4: Sí | O4: No | P4: NO | Q4: NO | R4: Sí | S4: Sí | T4: Sí | U4: Sí | V4: NO | W4: SÍ | X4: SÍ | Y4: X | Z4: Ocupada
A5: 3 | B5: 172.17.1.106 | C5: Hazzel 2 | D5: CEL | E5: Personal | Z5: Ocupada
A6: 4 | B6: 172.17.1.107 | C6: RCALLEJA | D6: LAP | E6: Institucional | F6: DELL | L6: DCS | M6: Con/Rest | N6: Sí | O6: No | P6: NO | Q6: NO | R6: Sí | S6: Sí | T6: Sí | U6: Sí | V6: NO | W6: Sí | X6: Sí | Y6: SINC y COMSOC | Z6: Ocupada
A7: 5 | B7: 172.17.1.108 | C7: Monserrat Molina | D7: TABLET | E7: Personal | F7: APPLE | L7: DCS | M7: Con/Rest | N7: Sí | O7: No | P7: No | Q7: NO | R7: Sí | S7: Sí | T7: Sí | U7: Sí | V7: NO | W7: Sí | X7: Sí | Y7: REPOSITORIOS, BANCOS DE IMAGENES Y VIDEOS, PINTEREST | Z7: Ocupada
A8: 6 | B8: 172.17.1.109 | C8: jchavira | D8: CEL | E8: Personal | F8: APPLE | L8: DCS | M8: Con/Rest | N8: Sí | O8: No | P8: No | Q8: NO | R8: Sí | S8: Sí | T8: Sí | U8: Sí | V8: X | W8: Sí | X8: Sí | Y8: NO | Z8: Libre
A9: 7 | B9: 172.17.1.110 | C9: RCALLEJA | D9: CEL | E9: Personal | F9: SAMSUNG | L9: DCS | M9: Con/Rest | N9: Sí | O9: No | P9: NO | Q9: NO | R9: Sí | S9: Sí | T9: Sí | U9: Sí | V9: NO | W9: Sí | X9: Sí | Y9: SINC y COMSOC | Z9: Libre
A10: 8 | B10: 172.17.1.111 | C10: ELAP-KFLORES | D10: LAP | E10: Institucional | F10: DELL | G10: latitude3420 | H10: / | I10: 94-E2-3C-26-0D-D1 | J10: INALÁMBRICO | K10: MANUAL | L10: DCS | M10: Con/Rest | N10: No | O10: No | P10: No | Q10: NO | R10: No | S10: NO | T10: No | U10: Sí | V10: NO | W10: Sí | X10: Sí | Y10: NO | Z10: Ocupada
A11: 9 | B11: 172.17.1.112 | C11: DBALDERRAMA | K11: MANUAL | L11: DCS | N11: Sí | O11: No | P11: No | Q11: NO | R11: Sí | S11: Sí | T11: Sí | U11: Sí | V11: NO | W11: Sí | X11: Sí | Y11: REPOSITORIOS, BANCOS DE IMAGENES Y VIDEOS, PINTEREST | Z11: Libre
A12: 10 | B12: 172.17.1.113 | C12: Hazzel | D12: CEL | E12: Personal | F12: OTRO | Z12: Ocupada
A13: 11 | B13: 172.17.1.114 | C13: MRAMIREZ | D13: PC | E13: Institucional | F13: DELL | G13: latitude3420 | L13: DCS | N13: Sí | O13: No | P13: NO | R13: NO | S13: NO | T13: NO | U13: Sí | V13: NO | W13: Sí | X13: Sí | Y13: NO | Z13: Ocupada | AA13: dirección General
A14: 12 | B14: 172.17.1.115 | C14: Nitza | D14: LAP | E14: Personal | F14: APPLE | Z14: Ocupada
A15: 13 | B15: 172.17.1.116 | C15: LZavala | D15: PC | E15: Institucional | F15: DELL | G15: OPTIPLEX 7090 | Z15: Libre
A16: 14 | B16: 172.17.1.117 | C16: Natalia ss | D16: TABLET | E16: Personal | Z16: Libre
A17: 15 | B17: 172.17.1.118 | C17: EPC-YHERNANDEZ | D17: PC | E17: Institucional | F17: DELL | G17: OPTIPLEX 3080 | H17: / | I17: D0-8E-79-05-23-26 | J17: ALÁMBRICO | K17: MANUAL | L17: DCS | M17: Con/Rest | N17: Sí | O17: Sí | P17: Sí | Q17: NO | R17: Sí | S17: Sí | T17: Sí | U17: Sí | V17: NO | W17: Sí | X17: Sí | Y17: NO | Z17: Ocupada
A18: 16 | B18: 172.17.1.119 | C18: layla manilla hernandez | D18: CEL | E18: Personal | F18: APPLE | Z18: Libre
A19: 17 | B19: 172.17.1.120 | C19: Guadalupe | D19: LAP | E19: Institucional | F19: DELL | L19: DCS | M19: Con/Rest | N19: Sí | O19: No | P19: no | Q19: no | R19: No | S19: no | T19: No | U19: Sí | V19: no | W19: Sí | X19: Sí | Y19: no | Z19: Ocupada
A20: 18 | B20: 172.17.1.121 | C20: claudia gonzalez | D20: PC | E20: Institucional | F20: DELL | L20: DCS | M20: Con/Rest | N20: No | O20: No | P20: No | Q20: no | R20: No | S20: No | T20: No | U20: Sí | V20: no | W20: Sí | X20: Sí | Y20: validadciones SAT | Z20: Ocupada
A21: 19 | B21: 172.17.1.122 | C21: Andres Chavira | D21: LAP | E21: Institucional | F21: DELL | G21: latitude3420 | H21: / | Z21: Libre
A22: 20 | B22: 172.17.1.123 | C22: DBALDERRAMA | D22: LAP | E22: Institucional | F22: DELL | L22: DCS | M22: Con/Rest | N22: Sí | O22: No | P22: No | Q22: NO | R22: Sí | S22: Sí | T22: Sí | U22: Sí | V22: NO | W22: Sí | X22: Sí | Y22: NO | Z22: Ocupada
A23: 21 | B23: 172.17.1.124 | C23: ELAP-VSOTO | D23: LAP | E23: Institucional | F23: DELL | G23: latitude3420 | H23: / | I23: 14-85-7F-FF-CB-B6 | J23: ALÁMBRICO | K23: MANUAL | L23: DCS | M23: Con/Rest | N23: Sí | O23: No | P23: no | Q23: no | R23: Sí | S23: Sí | T23: Sí | U23: Sí | V23: x | W23: Sí | X23: Sí | Y23: no | Z23: Ocupada
A24: 22 | B24: 172.17.1.125 | C24: fernanda casique | D24: CEL | E24: Personal | F24: APPLE | Z24: Libre
A25: 23 | B25: 172.17.1.126 | C25: Nitza | D25: CEL | E25: Personal | F25: APPLE | L25: DCS | Z25: Libre
A26: 24 | B26: 172.17.1.127 | C26: Acerecedo | D26: lap | E26: Personal | F26: APPLE | G26: macbook air | Z26: Libre
A27: 25 | B27: 172.17.1.128 | C27: SS | D27: lap | E27: Personal | F27: APPLE | G27: macbook air | Z27: Libre
A28: 26 | B28: 172.17.1.129 | C28: Isaac SANCHEZ | D28: LAP | E28: Personal | F28: honor | Z28: Libre
A29: 27 | B29: 172.17.1.130 | C29: elap-jchavira | D29: LAP | E29: Institucional | F29: DELL | Z29: Libre
A30: 28 | B30: 172.17.1.131 | C30: JUAN | D30: LAP | E30: Personal | L30: DCS | Z30: Libre
A31: 29 | B31: 172.17.1.132 | C31: Brenda Servicio | D31: LAP | E31: Personal | F31: APPLE | Z31: Libre
A32: 30 | B32: 172.17.1.133 | C32: Hazzel | D32: pc | E32: Institucional | F32: DELL | G32: OPTIPLEX 7090 | Z32: Libre
A33: 31 | B33: 172.17.1.134 | C33: Sofía Garcia | D33: TABLET | E33: Personal | F33: APPLE | Z33: Libre
A34: 32 | B34: 172.17.1.135 | C34: CLAUDIA gonzalez | D34: CEL | E34: Personal | L34: DCS | M34: Con/Rest | N34: No | O34: No | P34: No | Q34: no | R34: No | S34: No | T34: No | U34: Sí | V34: no | W34: Sí | X34: Sí | Y34: validadciones SAT | Z34: Libre
A35: 33 | B35: 172.17.1.136 | C35: gen1/Maria de Pilar Blancas | D35: LAP | E35: Institucional | F35: DELL | H35: / | J35: INALÁMBRICO | K35: MANUAL | L35: DCS | M35: Sin/Rest | Z35: Ocupada | AA35: Equipos de Damian
A36: 34 | B36: 172.17.1.137 | C36: alado impresora | D36: PC | E36: Institucional | F36: DELL | G36: OPTIPLEX 7090 | Z36: Libre
A37: 35 | B37: 172.17.1.138 | C37: Claudia Lira | D37: CEL | E37: Personal | F37: OTRO | G37: / | H37: / | I37: / | J37: INALÁMBRICO | K37: MANUAL | L37: DCS | M37: Sin/Rest | Z37: Ocupada | AA37: Finanzas
A38: 36 | B38: 172.17.1.139 | C38: FERNANDA | D38: TABLET | E38: Personal | Z38: Libre
A39: 37 | B39: 172.17.1.140 | C39: Puede que este ocupada | D39: CEL | E39: Personal | F39: APPLE | J39: INALÁMBRICO | K39: MANUAL | L39: DCS | M39: Sin/Rest | N39: Sí | O39: Sí | P39: Sí | Q39: Sí | R39: Sí | S39: Sí | T39: Sí | U39: Sí | V39: Sí | W39: Sí | X39: Sí | Y39: Sí | Z39: Ocupada
A40: 38 | B40: 172.17.1.141 | C40: Pamela LLACA | D40: CEL | E40: Personal | F40: APPLE | G40: macbook air | J40: INALÁMBRICO | K40: MANUAL | L40: DCS | M40: Con/Rest | N40: Sí | O40: No | P40: No | Q40: no | R40: Sí | S40: Sí | T40: Sí | U40: Sí | V40: no | W40: Sí | X40: Sí | Y40: no | Z40: Ocupada
A41: 39 | B41: 172.17.1.142 | C41: Joaquin Andre's | D41: CEL | E41: Personal | F41: APPLE | G41: Laptop Institucional | J41: INALÁMBRICO | K41: MANUAL | L41: DCS | M41: Con/Rest | N41: Sí | O41: No | P41: No | Q41: no | R41: Sí | S41: Sí | T41: Sí | U41: Sí | V41: no | W41: Sí | X41: Sí | Y41: no | Z41: Ocupada
D43: IP´s | E43: LIBRE | F43: OCUPADA | G43: CONFLICTO | H43: TOTAL | J43: IP´s | K43: Con restricciones | M43: Sin restricciones
E44: =COUNTIF($Z$3:$Z$41,DATOS!O2) -> 21 | F44: =COUNTIF($Z$3:$Z$41,DATOS!O3) -> 18 | G44: =COUNTIF($Z$3:$Z$41,DATOS!O4) -> 0 | H44: =SUM(E44:G44) -> 39 | K44: =COUNTIF(M3:$M$41,DATOS!Q2) -> 13 | M44: =COUNTIF($M3:$M$41,DATOS!Q3) -> 4
D46: CONEXIONES | E46: =DATOS!G2 -> INALÁMBRICO | F46: =DATOS!G3 -> ALÁMBRICO | G46: =DATOS!G4 -> ALÁMBRICO/INALÁMBRICO | J46: REGRESAR A LA PESTALLA PRINCIPAL
E47: =COUNTIF(J3:$J$41,DATOS!G2) -> 7 | F47: =COUNTIF($J3:J$41,DATOS!G3) -> 2 | G47: =COUNTIF($J3:$J$41,DATOS!G4) -> 0

Sheet OIC
A1: =RANGO!E13 -> TITULAR DE AUDITORIA INTERNA Y QUEJAS
A2: No. | B2: IP | C2: Usuario o nombre del propietario | D2: Tipo de equipo | E2: Institucional o Personal | F2: Marca | G2: modelo | H2: Número de Serie | I2: MAC | J2: Tipo de Conexión | K2: Confguración de red | L2: Área | M2: Restricciones | N2: YOUTUBE | O2: VIMEO | P2: SPOTIFY | Q2: OTRO STREAMING | R2: FACEBOOK | S2: TIK TOK | T2: INSTAGRAM | U2: WHATSAPP WEB | V2: OTRA RED SOCIAL | W2: SITIOS GUBERNAMENTALES | X2: NOTICIAS | Y2: OTRO | Z2: Estatus | AA2: OBSERVACIONES
A3: 1 | B3: 172.17.1.143 | C3: Servicio Social Comunicación | Z3: Libre
A4: 2 | B4: 172.17.1.144 | Z4: Libre
A5: 3 | B5: 172.17.1.145 | Z5: Libre
A6: 4 | B6: 172.17.1.146 | Z6: Libre
A7: 5 | B7: 172.17.1.147 | C7: EPC-SONATE | D7: PC | E7: Institucional | F7: DELL | G7: OPTIPLEX 3080 | H7: 8DB2FF3 | I7: B0-4F-13-01-B2-9D | J7: ALÁMBRICO | K7: MANUAL | L7: OIC | M7: Con/Rest | Z7: Ocupada
A8: 6 | B8: 172.17.1.148 | C8: epc-ecortes | D8: PC | E8: Institucional | F8: DELL | G8: OPTIPLEX 3080 | H8: 8MKYDF3 | I8: B0:4F:13:00:FA:B5 | J8: ALÁMBRICO | K8: MANUAL | L8: OIC | M8: Con/Rest | Z8: Ocupada
A9: 7 | B9: 172.17.1.149 | Z9: Libre
A10: 8 | B10: 172.17.1.150 | C10: EPC-MCHAVEZ | D10: PC | E10: Institucional | F10: DELL | G10: OPTIPLEX 3080 | H10: / | I10: B0-4F-13-01-B2-98 | J10: ALÁMBRICO | K10: MANUAL | L10: OIC | M10: Con/Rest | Z10: Ocupada
A11: 9 | B11: 172.17.1.151 | C11: Eduardo Vargas | D11: CEL | E11: Personal | Z11: Ocupada
A12: 10 | B12: 172.17.1.152 | C12: Servicio social aREC. materiales | D12: LAP | E12: Personal | F12: DELL | G12: Latitude | Z12: Libre
A13: 11 | B13: 172.17.1.153 | C13: Romina 2 servicio social | Z13: Libre
A14: 12 | B14: 172.17.1.154 | Z14: Libre
A15: 13 | B15: 172.17.1.155 | Z15: Libre
A16: 14 | B16: 172.17.1.156 | C16: Romina Servicio social | Z16: Libre
A17: 15 | B17: 172.17.1.157 | C17: guillermo vigilancia | Z17: Libre
A18: 16 | B18: 172.17.1.158 | Z18: Libre
A19: 17 | B19: 172.17.1.159 | Z19: Libre
A20: 18 | B20: 172.17.1.160 | C20: Carlos DG de Venancio | Z20: Libre
D22: IP´s | E22: LIBRE | F22: OCUPADA | G22: CONFLICTO | H22: TOTAL | J22: IP´s | K22: Con restricciones | M22: Sin restricciones
E23: =COUNTIF($Z$3:$Z$20,DATOS!O2) -> 14 | F23: =COUNTIF($Z$3:$Z$20,DATOS!O3) -> 4 | G23: =COUNTIF($Z$3:$Z$20,DATOS!O4) -> 0 | H23: =SUM(E23:G23) -> 18 | K23: =COUNTIF(M3:$M$20,DATOS!Q2) -> 3 | M23: =COUNTIF($M3:$M$20,DATOS!Q3) -> 0
D25: CONEXIONES | E25: =DATOS!G2 -> INALÁMBRICO | F25: =DATOS!G3 -> ALÁMBRICO | G25: =DATOS!G4 -> ALÁMBRICO/INALÁMBRICO | J25: REGRESAR A LA PESTALLA PRINCIPAL
E26: =COUNTIF(J3:$J$20,DATOS!G2) -> 0 | F26: =COUNTIF(J3:J20,DATOS!G3) -> 3 | G26: =COUNTIF($J3:$J$20,DATOS!G4) -> 0

Sheet SS
A1: =RANGO!E14 -> SUBDIRECCIÓN DE SISTEMAS
A2: No. | B2: IP | C2: Usuario o nombre del propietario | D2: Tipo de equipo | E2: Institucional o Personal | F2: Marca | G2: modelo | H2: Número de Serie | I2: MAC | J2: Tipo de Conexión | K2: Confguración de red | L2: Área | M2: Restricciones | N2: YOUTUBE | O2: VIMEO | P2: SPOTIFY | Q2: OTRO STREAMING | R2: FACEBOOK | S2: TIK TOK | T2: INSTAGRAM | U2: WHATSAPP WEB | V2: OTRA RED SOCIAL | W2: SITIOS GUBERNAMENTALES | X2: NOTICIAS | Y2: OTRO | Z2: Estatus | AA2: OBSERVACIONES
A3: 1 | B3: 172.17.1.161 | C3: Marianne | D3: LAP | E3: Personal | F3: DELL | Z3: Ocupada
A4: 2 | B4: 172.17.1.162 | C4: Mini Servidor | D4: PC | E4: Institucional | F4: HP | G4: HP ProLiant MicroServer Gen8 | Z4: Ocupada
A5: 3 | B5: 172.17.1.163 | C5: yrodriguez | D5: CEL | E5: Personal | F5: OTRO | G5: / | H5: / | I5: / | J5: INALÁMBRICO | K5: MANUAL | L5: SS | M5: Con/Rest | Z5: Ocupada
A6: 4 | B6: 172.17.1.164 | C6: Pau pau compu | Z6: Ocupada
A7: 5 | B7: 172.17.1.165 | C7: Windows 10 del Mini Servidor | D7: PC | E7: Institucional | F7: HP | Z7: Ocupada
A8: 6 | B8: 172.17.1.166 | Z8: Libre
A9: 7 | B9: 172.17.1.167 | Z9: Ocupada
A10: 8 | B10: 172.17.1.168 | C10: EPC-LGOMEZ | D10: PCA | E10: Institucional | F10: DELL | G10: OPTIPLEX 3080 | H10: / | I10: B0-4F-13-01-B2-7C | J10: ALÁMBRICO | K10: MANUAL | L10: SS | M10: Con/Rest | Z10: Ocupada
A11: 9 | B11: 172.17.1.169 | C11: lgomez | D11: CEL | E11: Personal | F11: HUAWEI | G11: P30 | H11: AGTDU19B26000182 | I11: 28:33:34:7A:04:29 | J11: INALÁMBRICO | K11: MANUAL | L11: SS | M11: Con/Rest | Z11: Ocupada
A12: 10 | B12: 172.17.1.170 | C12: Evelyn Venancio | D12: CEL | E12: Personal | F12: APPLE | J12: INALÁMBRICO | K12: MANUAL | L12: SS | Z12: Ocupada
A13: 11 | B13: 172.17.1.171 | C13: Hija de Liz | Z13: Ocupada
A14: 12 | B14: 172.17.1.172 | C14: Lulú Lap | D14: LAP | E14: Institucional | F14: DELL | G14: latitude3420 | Z14: Ocupada
A15: 13 | B15: 172.17.1.173 | Z15: Ocupada | AA15: RH
A16: 14 | B16: 172.17.1.174 | Z16: Ocupada
A17: 15 | B17: 172.17.1.175 | C17: yrodriguez | D17: PC | E17: Institucional | F17: DELL | G17: OPTIPLEX 7090 | H17: / | I17: D0-8E-79-05-23-1E | J17: ALÁMBRICO | K17: MANUAL | L17: SS | M17: Con/Rest | Z17: Ocupada
A18: 16 | B18: 172.17.1.176 | C18: erick lara | D18: LAP | E18: Personal | F18: APPLE | G18: Macbook pro | Z18: Ocupada
A19: 17 | B19: 172.17.1.177 | Z19: Ocupada
A20: 18 | B20: 172.17.1.178 | C20: Evelyn Venancio | D20: LAP | E20: Institucional | F20: DELL | G20: latitude3420 | J20: INALÁMBRICO | K20: MANUAL | L20: SS | M20: Sin/Rest | Z20: Ocupada
A21: 19 | B21: 172.17.1.179 | Z21: Ocupada
A22: 20 | B22: 172.17.1.180 | C22: PC-octavio | D22: PC | E22: Institucional | F22: DELL | G22: OPTIPLEX 7090 | H22: / | I22: D0-8E-79-05-23-AA | J22: ALÁMBRICO | K22: MANUAL | L22: SS | M22: Sin/Rest | Z22: Ocupada
A23: 21 | B23: 172.17.1.181 | C23: Capacitación (Sigales) | D23: IMPRESORA | E23: Institucional | F23: LEXMARK | G23: CS725 | H23: 50282430H69PZ | J23: ALÁMBRICO | K23: MANUAL | L23: DRHM | M23: Con/Rest | Z23: Libre
A24: 22 | B24: 172.17.1.182 | Z24: Ocupada
A25: 23 | B25: 172.17.1.183 | Z25: Libre
A26: 24 | B26: 172.17.1.184 | C26: Jessica sigales | D26: LAP | E26: Institucional | L26: DRHM | Z26: Ocupada
A27: 25 | B27: 172.17.1.185 | C27: erick lara | D27: cel | E27: Personal | F27: APPLE | Z27: Ocupada
A28: 26 | B28: 172.17.1.186 | Z28: Ocupada
A29: 27 | B29: 172.17.1.187 | C29: Octavio Cel | D29: CEL | E29: Personal | F29: APPLE | G29: Iphone 13 | Z29: Ocupada
A30: 28 | B30: 172.17.1.188 | C30: Lulu_cel | D30: CEL | E30: Personal | F30: SAMSUNG | Z30: Ocupada | AC30: 28 | AD30: 172.17.1.188 | AP30: Libre | AS30: 28 | AT30: 172.17.1.188 | BF30: Libre | BI30: 28 | BJ30: 172.17.1.188 | BV30: Libre | BY30: 28 | BZ30: 172.17.1.188 | CL30: Libre | CO30: 28 | CP30: 172.17.1.188 | DB30: Libre | DE30: 28 | DF30: 172.17.1.188 | DR30: Libre | DU30: 28 | DV30: 172.17.1.188 | EH30: Libre | EK30: 28 | EL30: 172.17.1.188 | EX30: Libre | FA30: 28 | FB30: 172.17.1.188 | FN30: Libre | FQ30: 28 | FR30: 172.17.1.188 | GD30: Libre | GG30: 28 | GH30: 172.17.1.188 | GT30: Libre | GW30: 28 | GX30: 172.17.1.188 | HJ30: Libre | HM30: 28 | HN30: 172.17.1.188 | HZ30: Libre | IC30: 28 | ID30: 172.17.1.188 | IP30: Libre | IS30: 28 | IT30: 172.17.1.188 | JF30: Libre | JI30: 28 | JJ30: 172.17.1.188 | JV30: Libre | JY30: 28 | JZ30: 172.17.1.188 | KL30: Libre | KO30: 28 | KP30: 172.17.1.188 | LB30: Libre | LE30: 28 | LF30: 172.17.1.188 | LR30: Libre | LU30: 28 | LV30: 172.17.1.188 | MH30: Libre | MK30: 28 | ML30: 172.17.1.188 | MX30: Libre | NA30: 28 | NB30: 172.17.1.188 | NN30: Libre | NQ30: 28 | NR30: 172.17.1.188 | OD30: Libre | OG30: 28 | OH30: 172.17.1.188 | OT30: Libre | OW30: 28 | OX30: 172.17.1.188 | PJ30: Libre | PM30: 28 | PN30: 172.17.1.188 | PZ30: Libre | QC30: 28 | QD30: 172.17.1.188 | QP30: Libre | QS30: 28 | QT30: 172.17.1.188 | RF30: Libre | RI30: 28 | RJ30: 172.17.1.188 | RV30: Libre | RY30: 28 | RZ30: 172.17.1.188 | SL30: Libre | SO30: 28 | SP30: 172.17.1.188 | TB30: Libre | TE30: 28 | TF30: 172.17.1.188 | TR30: Libre | TU30: 28 | TV30: 172.17.1.188 | UH30: Libre | UK30: 28 | UL30: 172.17.1.188 | UX30: Libre | VA30: 28 | VB30: 172.17.1.188 | VN30: Libre | VQ30: 28 | VR30: 172.17.1.188 | WD30: Libre | WG30: 28 | WH30: 172.17.1.188 | WT30: Libre | WW30: 28 | WX30: 172.17.1.188 | XJ30: Libre | XM30: 28 | XN30: 172.17.1.188 | XZ30: Libre | YC30: 28 | YD30: 172.17.1.188 | YP30: Libre | YS30: 28 | YT30: 172.17.1.188 | ZF30: Libre | ZI30: 28 | ZJ30: 172.17.1.188 | ZV30: Libre | ZY30: 28 | ZZ30: 172.17.1.188 | AAL30: Libre | AAO30: 28 | AAP30: 172.17.1.188 | ABB30: Libre | ABE30: 28 | ABF30: 172.17.1.188 | ABR30: Libre | ABU30: 28 | ABV30: 172.17.1.188 | ACH30: Libre | ACK30: 28 | ACL30: 172.17.1.188 | ACX30: Libre | ADA30: 28 | ADB30: 172.17.1.188 | ADN30: Libre | ADQ30: 28 | ADR30: 172.17.1.188 | AED30: Libre | AEG30: 28 | AEH30: 172.17.1.188 | AET30: Libre | AEW30: 28 | AEX30: 172.17.1.188 | AFJ30: Libre | AFM30: 28 | AFN30: 172.17.1.188 | AFZ30: Libre | AGC30: 28 | AGD30: 172.17.1.188 | AGP30: Libre | AGS30: 28 | AGT30: 172.17.1.188 | AHF30: Libre | AHI30: 28 | AHJ30: 172.17.1.188 | AHV30: Libre | AHY30: 28 | AHZ30: 172.17.1.188 | AIL30: Libre | AIO30: 28 | AIP30: 172.17.1.188 | AJB30: Libre | AJE30: 28 | AJF30: 172.17.1.188 | AJR30: Libre | AJU30: 28 | AJV30: 172.17.1.188 | AKH30: Libre | AKK30: 28 | AKL30: 172.17.1.188 | AKX30: Libre | ALA30: 28 | ALB30: 172.17.1.188 | ALN30: Libre | ALQ30: 28 | ALR30: 172.17.1.188 | AMD30: Libre | AMG30: 28 | AMH30: 172.17.1.188 | AMT30: Libre | AMW30: 28 | AMX30: 172.17.1.188 | ANJ30: Libre | ANM30: 28 | ANN30: 172.17.1.188 | ANZ30: Libre | AOC30: 28 | AOD30: 172.17.1.188 | AOP30: Libre | AOS30: 28 | AOT30: 172.17.1.188 | APF30: Libre | API30: 28 | APJ30: 172.17.1.188 | APV30: Libre | APY30: 28 | APZ30: 172.17.1.188 | AQL30: Libre | AQO30: 28 | AQP30: 172.17.1.188 | ARB30: Libre | ARE30: 28 | ARF30: 172.17.1.188 | ARR30: Libre | ARU30: 28 | ARV30: 172.17.1.188 | ASH30: Libre | ASK30: 28 | ASL30: 172.17.1.188 | ASX30: Libre | ATA30: 28 | ATB30: 172.17.1.188 | ATN30: Libre | ATQ30: 28 | ATR30: 172.17.1.188 | AUD30: Libre | AUG30: 28 | AUH30: 172.17.1.188 | AUT30: Libre | AUW30: 28 | AUX30: 172.17.1.188 | AVJ30: Libre | AVM30: 28 | AVN30: 172.17.1.188 | AVZ30: Libre | AWC30: 28 | AWD30: 172.17.1.188 | AWP30: Libre | AWS30: 28 | AWT30: 172.17.1.188 | AXF30: Libre | AXI30: 28 | AXJ30: 172.17.1.188 | AXV30: Libre | AXY30: 28 | AXZ30: 172.17.1.188 | AYL30: Libre | AYO30: 28 | AYP30: 172.17.1.188 | AZB30: Libre | AZE30: 28 | AZF30: 172.17.1.188 | AZR30: Libre | AZU30: 28 | AZV30: 172.17.1.188 | BAH30: Libre | BAK30: 28 | BAL30: 172.17.1.188 | BAX30: Libre | BBA30: 28 | BBB30: 172.17.1.188 | BBN30: Libre | BBQ30: 28 | BBR30: 172.17.1.188 | BCD30: Libre | BCG30: 28 | BCH30: 172.17.1.188 | BCT30: Libre | BCW30: 28 | BCX30: 172.17.1.188 | BDJ30: Libre | BDM30: 28 | BDN30: 172.17.1.188 | BDZ30: Libre | BEC30: 28 | BED30: 172.17.1.188 | BEP30: Libre | BES30: 28 | BET30: 172.17.1.188 | BFF30: Libre | BFI30: 28 | BFJ30: 172.17.1.188 | BFV30: Libre | BFY30: 28 | BFZ30: 172.17.1.188 | BGL30: Libre | BGO30: 28 | BGP30: 172.17.1.188 | BHB30: Libre | BHE30: 28 | BHF30: 172.17.1.188 | BHR30: Libre | BHU30: 28 | BHV30: 172.17.1.188 | BIH30: Libre | BIK30: 28 | BIL30: 172.17.1.188 | BIX30: Libre | BJA30: 28 | BJB30: 172.17.1.188 | BJN30: Libre | BJQ30: 28 | BJR30: 172.17.1.188 | BKD30: Libre | BKG30: 28 | BKH30: 172.17.1.188 | BKT30: Libre | BKW30: 28 | BKX30: 172.17.1.188 | BLJ30: Libre | BLM30: 28 | BLN30: 172.17.1.188 | BLZ30: Libre | BMC30: 28 | BMD30: 172.17.1.188 | BMP30: Libre | BMS30: 28 | BMT30: 172.17.1.188 | BNF30: Libre | BNI30: 28 | BNJ30: 172.17.1.188 | BNV30: Libre | BNY30: 28 | BNZ30: 172.17.1.188 | BOL30: Libre | BOO30: 28 | BOP30: 172.17.1.188 | BPB30: Libre | BPE30: 28 | BPF30: 172.17.1.188 | BPR30: Libre | BPU30: 28 | BPV30: 172.17.1.188 | BQH30: Libre | BQK30: 28 | BQL30: 172.17.1.188 | BQX30: Libre | BRA30: 28 | BRB30: 172.17.1.188 | BRN30: Libre | BRQ30: 28 | BRR30: 172.17.1.188 | BSD30: Libre | BSG30: 28 | BSH30: 172.17.1.188 | BST30: Libre | BSW30: 28 | BSX30: 172.17.1.188 | BTJ30: Libre | BTM30: 28 | BTN30: 172.17.1.188 | BTZ30: Libre | BUC30: 28 | BUD30: 172.17.1.188 | BUP30: Libre | BUS30: 28 | BUT30: 172.17.1.188 | BVF30: Libre | BVI30: 28 | BVJ30: 172.17.1.188 | BVV30: Libre | BVY30: 28 | BVZ30: 172.17.1.188 | BWL30: Libre | BWO30: 28 | BWP30: 172.17.1.188 | BXB30: Libre | BXE30: 28 | BXF30: 172.17.1.188 | BXR30: Libre | BXU30: 28 | BXV30: 172.17.1.188 | BYH30: Libre | BYK30: 28 | BYL30: 172.17.1.188 | BYX30: Libre | BZA30: 28 | BZB30: 172.17.1.188 | BZN30: Libre | BZQ30: 28 | BZR30: 172.17.1.188 | CAD30: Libre | CAG30: 28 | CAH30: 172.17.1.188 | CAT30: Libre | CAW30: 28 | CAX30: 172.17.1.188 | CBJ30: Libre | CBM30: 28 | CBN30: 172.17.1.188 | CBZ30: Libre | CCC30: 28 | CCD30: 172.17.1.188 | CCP30: Libre | CCS30: 28 | CCT30: 172.17.1.188 | CDF30: Libre | CDI30: 28 | CDJ30: 172.17.1.188 | CDV30: Libre | CDY30: 28 | CDZ30: 172.17.1.188 | CEL30: Libre | CEO30: 28 | CEP30: 172.17.1.188 | CFB30: Libre | CFE30: 28 | CFF30: 172.17.1.188 | CFR30: Libre | CFU30: 28 | CFV30: 172.17.1.188 | CGH30: Libre | CGK30: 28 | CGL30: 172.17.1.188 | CGX30: Libre | CHA30: 28 | CHB30: 172.17.1.188 | CHN30: Libre | CHQ30: 28 | CHR30: 172.17.1.188 | CID30: Libre | CIG30: 28 | CIH30: 172.17.1.188 | CIT30: Libre | CIW30: 28 | CIX30: 172.17.1.188 | CJJ30: Libre | CJM30: 28 | CJN30: 172.17.1.188 | CJZ30: Libre | CKC30: 28 | CKD30: 172.17.1.188 | CKP30: Libre | CKS30: 28 | CKT30: 172.17.1.188 | CLF30: Libre | CLI30: 28 | CLJ30: 172.17.1.188 | CLV30: Libre | CLY30: 28 | CLZ30: 172.17.1.188 | CML30: Libre | CMO30: 28 | CMP30: 172.17.1.188 | CNB30: Libre | CNE30: 28 | CNF30: 172.17.1.188 | CNR30: Libre | CNU30: 28 | CNV30: 172.17.1.188 | COH30: Libre | COK30: 28 | COL30: 172.17.1.188 | COX30: Libre | CPA30: 28 | CPB30: 172.17.1.188 | CPN30: Libre | CPQ30: 28 | CPR30: 172.17.1.188 | CQD30: Libre | CQG30: 28 | CQH30: 172.17.1.188 | CQT30: Libre | CQW30: 28 | CQX30: 172.17.1.188 | CRJ30: Libre | CRM30: 28 | CRN30: 172.17.1.188 | CRZ30: Libre | CSC30: 28 | CSD30: 172.17.1.188 | CSP30: Libre | CSS30: 28 | CST30: 172.17.1.188 | CTF30: Libre | CTI30: 28 | CTJ30: 172.17.1.188 | CTV30: Libre | CTY30: 28 | CTZ30: 172.17.1.188 | CUL30: Libre | CUO30: 28 | CUP30: 172.17.1.188 | CVB30: Libre | CVE30: 28 | CVF30: 172.17.1.188 | CVR30: Libre | CVU30: 28 | CVV30: 172.17.1.188 | CWH30: Libre | CWK30: 28 | CWL30: 172.17.1.188 | CWX30: Libre | CXA30: 28 | CXB30: 172.17.1.188 | CXN30: Libre | CXQ30: 28 | CXR30: 172.17.1.188 | CYD30: Libre | CYG30: 28 | CYH30: 172.17.1.188 | CYT30: Libre | CYW30: 28 | CYX30: 172.17.1.188 | CZJ30: Libre | CZM30: 28 | CZN30: 172.17.1.188 | CZZ30: Libre | DAC30: 28 | DAD30: 172.17.1.188 | DAP30: Libre | DAS30: 28 | DAT30: 172.17.1.188 | DBF30: Libre | DBI30: 28 | DBJ30: 172.17.1.188 | DBV30: Libre | DBY30: 28 | DBZ30: 172.17.1.188 | DCL30: Libre | DCO30: 28 | DCP30: 172.17.1.188 | DDB30: Libre | DDE30: 28 | DDF30: 172.17.1.188 | DDR30: Libre | DDU30: 28 | DDV30: 172.17.1.188 | DEH30: Libre | DEK30: 28 | DEL30: 172.17.1.188 | DEX30: Libre | DFA30: 28 | DFB30: 172.17.1.188 | DFN30: Libre | DFQ30: 28 | DFR30: 172.17.1.188 | DGD30: Libre | DGG30: 28 | DGH30: 172.17.1.188 | DGT30: Libre | DGW30: 28 | DGX30: 172.17.1.188 | DHJ30: Libre | DHM30: 28 | DHN30: 172.17.1.188 | DHZ30: Libre | DIC30: 28 | DID30: 172.17.1.188 | DIP30: Libre | DIS30: 28 | DIT30: 172.17.1.188 | DJF30: Libre | DJI30: 28 | DJJ30: 172.17.1.188 | DJV30: Libre | DJY30: 28 | DJZ30: 172.17.1.188 | DKL30: Libre | DKO30: 28 | DKP30: 172.17.1.188 | DLB30: Libre | DLE30: 28 | DLF30: 172.17.1.188 | DLR30: Libre | DLU30: 28 | DLV30: 172.17.1.188 | DMH30: Libre | DMK30: 28 | DML30: 172.17.1.188 | DMX30: Libre | DNA30: 28 | DNB30: 172.17.1.188 | DNN30: Libre | DNQ30: 28 | DNR30: 172.17.1.188 | DOD30: Libre | DOG30: 28 | DOH30: 172.17.1.188 | DOT30: Libre | DOW30: 28 | DOX30: 172.17.1.188 | DPJ30: Libre | DPM30: 28 | DPN30: 172.17.1.188 | DPZ30: Libre | DQC30: 28 | DQD30: 172.17.1.188 | DQP30: Libre | DQS30: 28 | DQT30: 172.17.1.188 | DRF30: Libre | DRI30: 28 | DRJ30: 172.17.1.188 | DRV30: Libre | DRY30: 28 | DRZ30: 172.17.1.188 | DSL30: Libre | DSO30: 28 | DSP30: 172.17.1.188 | DTB30: Libre | DTE30: 28 | DTF30: 172.17.1.188 | DTR30: Libre | DTU30: 28 | DTV30: 172.17.1.188 | DUH30: Libre | DUK30: 28 | DUL30: 172.17.1.188 | DUX30: Libre | DVA30: 28 | DVB30: 172.17.1.188 | DVN30: Libre | DVQ30: 28 | DVR30: 172.17.1.188 | DWD30: Libre | DWG30: 28 | DWH30: 172.17.1.188 | DWT30: Libre | DWW30: 28 | DWX30: 172.17.1.188 | DXJ30: Libre | DXM30: 28 | DXN30: 172.17.1.188 | DXZ30: Libre | DYC30: 28 | DYD30: 172.17.1.188 | DYP30: Libre | DYS30: 28 | DYT30: 172.17.1.188 | DZF30: Libre | DZI30: 28 | DZJ30: 172.17.1.188 | DZV30: Libre | DZY30: 28 | DZZ30: 172.17.1.188 | EAL30: Libre | EAO30: 28 | EAP30: 172.17.1.188 | EBB30: Libre | EBE30: 28 | EBF30: 172.17.1.188 | EBR30: Libre | EBU30: 28 | EBV30: 172.17.1.188 | ECH30: Libre | ECK30: 28 | ECL30: 172.17.1.188 | ECX30: Libre | EDA30: 28 | EDB30: 172.17.1.188 | EDN30: Libre | EDQ30: 28 | EDR30: 172.17.1.188 | EED30: Libre | EEG30: 28 | EEH30: 172.17.1.188 | EET30: Libre | EEW30: 28 | EEX30: 172.17.1.188 | EFJ30: Libre | EFM30: 28 | EFN30: 172.17.1.188 | EFZ30: Libre | EGC30: 28 | EGD30: 172.17.1.188 | EGP30: Libre | EGS30: 28 | EGT30: 172.17.1.188 | EHF30: Libre | EHI30: 28 | EHJ30: 172.17.1.188 | EHV30: Libre | EHY30: 28 | EHZ30: 172.17.1.188 | EIL30: Libre | EIO30: 28 | EIP30: 172.17.1.188 | EJB30: Libre | EJE30: 28 | EJF30: 172.17.1.188 | EJR30: Libre | EJU30: 28 | EJV30: 172.17.1.188 | EKH30: Libre | EKK30: 28 | EKL30: 172.17.1.188 | EKX30: Libre | ELA30: 28 | ELB30: 172.17.1.188 | ELN30: Libre | ELQ30: 28 | ELR30: 172.17.1.188 | EMD30: Libre | EMG30: 28 | EMH30: 172.17.1.188 | EMT30: Libre | EMW30: 28 | EMX30: 172.17.1.188 | ENJ30: Libre | ENM30: 28 | ENN30: 172.17.1.188 | ENZ30: Libre | EOC30: 28 | EOD30: 172.17.1.188 | EOP30: Libre | EOS30: 28 | EOT30: 172.17.1.188 | EPF30: Libre | EPI30: 28 | EPJ30: 172.17.1.188 | EPV30: Libre | EPY30: 28 | EPZ30: 172.17.1.188 | EQL30: Libre | EQO30: 28 | EQP30: 172.17.1.188 | ERB30: Libre | ERE30: 28 | ERF30: 172.17.1.188 | ERR30: Libre | ERU30: 28 | ERV30: 172.17.1.188 | ESH30: Libre | ESK30: 28 | ESL30: 172.17.1.188 | ESX30: Libre | ETA30: 28 | ETB30: 172.17.1.188 | ETN30: Libre | ETQ30: 28 | ETR30: 172.17.1.188 | EUD30: Libre | EUG30: 28 | EUH30: 172.17.1.188 | EUT30: Libre | EUW30: 28 | EUX30: 172.17.1.188 | EVJ30: Libre | EVM30: 28 | EVN30: 172.17.1.188 | EVZ30: Libre | EWC30: 28 | EWD30: 172.17.1.188 | EWP30: Libre | EWS30: 28 | EWT30: 172.17.1.188 | EXF30: Libre | EXI30: 28 | EXJ30: 172.17.1.188 | EXV30: Libre | EXY30: 28 | EXZ30: 172.17.1.188 | EYL30: Libre | EYO30: 28 | EYP30: 172.17.1.188 | EZB30: Libre | EZE30: 28 | EZF30: 172.17.1.188 | EZR30: Libre | EZU30: 28 | EZV30: 172.17.1.188 | FAH30: Libre | FAK30: 28 | FAL30: 172.17.1.188 | FAX30: Libre | FBA30: 28 | FBB30: 172.17.1.188 | FBN30: Libre | FBQ30: 28 | FBR30: 172.17.1.188 | FCD30: Libre | FCG30: 28 | FCH30: 172.17.1.188 | FCT30: Libre | FCW30: 28 | FCX30: 172.17.1.188 | FDJ30: Libre | FDM30: 28 | FDN30: 172.17.1.188 | FDZ30: Libre | FEC30: 28 | FED30: 172.17.1.188 | FEP30: Libre | FES30: 28 | FET30: 172.17.1.188 | FFF30: Libre | FFI30: 28 | FFJ30: 172.17.1.188 | FFV30: Libre | FFY30: 28 | FFZ30: 172.17.1.188 | FGL30: Libre | FGO30: 28 | FGP30: 172.17.1.188 | FHB30: Libre | FHE30: 28 | FHF30: 172.17.1.188 | FHR30: Libre | FHU30: 28 | FHV30: 172.17.1.188 | FIH30: Libre | FIK30: 28 | FIL30: 172.17.1.188 | FIX30: Libre | FJA30: 28 | FJB30: 172.17.1.188 | FJN30: Libre | FJQ30: 28 | FJR30: 172.17.1.188 | FKD30: Libre | FKG30: 28 | FKH30: 172.17.1.188 | FKT30: Libre | FKW30: 28 | FKX30: 172.17.1.188 | FLJ30: Libre | FLM30: 28 | FLN30: 172.17.1.188 | FLZ30: Libre | FMC30: 28 | FMD30: 172.17.1.188 | FMP30: Libre | FMS30: 28 | FMT30: 172.17.1.188 | FNF30: Libre | FNI30: 28 | FNJ30: 172.17.1.188 | FNV30: Libre | FNY30: 28 | FNZ30: 172.17.1.188 | FOL30: Libre | FOO30: 28 | FOP30: 172.17.1.188 | FPB30: Libre | FPE30: 28 | FPF30: 172.17.1.188 | FPR30: Libre | FPU30: 28 | FPV30: 172.17.1.188 | FQH30: Libre | FQK30: 28 | FQL30: 172.17.1.188 | FQX30: Libre | FRA30: 28 | FRB30: 172.17.1.188 | FRN30: Libre | FRQ30: 28 | FRR30: 172.17.1.188 | FSD30: Libre | FSG30: 28 | FSH30: 172.17.1.188 | FST30: Libre | FSW30: 28 | FSX30: 172.17.1.188 | FTJ30: Libre | FTM30: 28 | FTN30: 172.17.1.188 | FTZ30: Libre | FUC30: 28 | FUD30: 172.17.1.188 | FUP30: Libre | FUS30: 28 | FUT30: 172.17.1.188 | FVF30: Libre | FVI30: 28 | FVJ30: 172.17.1.188 | FVV30: Libre | FVY30: 28 | FVZ30: 172.17.1.188 | FWL30: Libre | FWO30: 28 | FWP30: 172.17.1.188 | FXB30: Libre | FXE30: 28 | FXF30: 172.17.1.188 | FXR30: Libre | FXU30: 28 | FXV30: 172.17.1.188 | FYH30: Libre | FYK30: 28 | FYL30: 172.17.1.188 | FYX30: Libre | FZA30: 28 | FZB30: 172.17.1.188 | FZN30: Libre | FZQ30: 28 | FZR30: 172.17.1.188 | GAD30: Libre | GAG30: 28 | GAH30: 172.17.1.188 | GAT30: Libre | GAW30: 28 | GAX30: 172.17.1.188 | GBJ30: Libre | GBM30: 28 | GBN30: 172.17.1.188 | GBZ30: Libre | GCC30: 28 | GCD30: 172.17.1.188 | GCP30: Libre | GCS30: 28 | GCT30: 172.17.1.188 | GDF30: Libre | GDI30: 28 | GDJ30: 172.17.1.188 | GDV30: Libre | GDY30: 28 | GDZ30: 172.17.1.188 | GEL30: Libre | GEO30: 28 | GEP30: 172.17.1.188 | GFB30: Libre | GFE30: 28 | GFF30: 172.17.1.188 | GFR30: Libre | GFU30: 28 | GFV30: 172.17.1.188 | GGH30: Libre | GGK30: 28 | GGL30: 172.17.1.188 | GGX30: Libre | GHA30: 28 | GHB30: 172.17.1.188 | GHN30: Libre | GHQ30: 28 | GHR30: 172.17.1.188 | GID30: Libre | GIG30: 28 | GIH30: 172.17.1.188 | GIT30: Libre | GIW30: 28 | GIX30: 172.17.1.188 | GJJ30: Libre | GJM30: 28 | GJN30: 172.17.1.188 | GJZ30: Libre | GKC30: 28 | GKD30: 172.17.1.188 | GKP30: Libre | GKS30: 28 | GKT30: 172.17.1.188 | GLF30: Libre | GLI30: 28 | GLJ30: 172.17.1.188 | GLV30: Libre | GLY30: 28 | GLZ30: 172.17.1.188 | GML30: Libre | GMO30: 28 | GMP30: 172.17.1.188 | GNB30: Libre | GNE30: 28 | GNF30: 172.17.1.188 | GNR30: Libre | GNU30: 28 | GNV30: 172.17.1.188 | GOH30: Libre | GOK30: 28 | GOL30: 172.17.1.188 | GOX30: Libre | GPA30: 28 | GPB30: 172.17.1.188 | GPN30: Libre | GPQ30: 28 | GPR30: 172.17.1.188 | GQD30: Libre | GQG30: 28 | GQH30: 172.17.1.188 | GQT30: Libre | GQW30: 28 | GQX30: 172.17.1.188 | GRJ30: Libre | GRM30: 28 | GRN30: 172.17.1.188 | GRZ30: Libre | GSC30: 28 | GSD30: 172.17.1.188 | GSP30: Libre | GSS30: 28 | GST30: 172.17.1.188 | GTF30: Libre | GTI30: 28 | GTJ30: 172.17.1.188 | GTV30: Libre | GTY30: 28 | GTZ30: 172.17.1.188 | GUL30: Libre | GUO30: 28 | GUP30: 172.17.1.188 | GVB30: Libre | GVE30: 28 | GVF30: 172.17.1.188 | GVR30: Libre | GVU30: 28 | GVV30: 172.17.1.188 | GWH30: Libre | GWK30: 28 | GWL30: 172.17.1.188 | GWX30: Libre | GXA30: 28 | GXB30: 172.17.1.188 | GXN30: Libre | GXQ30: 28 | GXR30: 172.17.1.188 | GYD30: Libre | GYG30: 28 | GYH30: 172.17.1.188 | GYT30: Libre | GYW30: 28 | GYX30: 172.17.1.188 | GZJ30: Libre | GZM30: 28 | GZN30: 172.17.1.188 | GZZ30: Libre | HAC30: 28 | HAD30: 172.17.1.188 | HAP30: Libre | HAS30: 28 | HAT30: 172.17.1.188 | HBF30: Libre | HBI30: 28 | HBJ30: 172.17.1.188 | HBV30: Libre | HBY30: 28 | HBZ30: 172.17.1.188 | HCL30: Libre | HCO30: 28 | HCP30: 172.17.1.188 | HDB30: Libre | HDE30: 28 | HDF30: 172.17.1.188 | HDR30: Libre | HDU30: 28 | HDV30: 172.17.1.188 | HEH30: Libre | HEK30: 28 | HEL30: 172.17.1.188 | HEX30: Libre | HFA30: 28 | HFB30: 172.17.1.188 | HFN30: Libre | HFQ30: 28 | HFR30: 172.17.1.188 | HGD30: Libre | HGG30: 28 | HGH30: 172.17.1.188 | HGT30: Libre | HGW30: 28 | HGX30: 172.17.1.188 | HHJ30: Libre | HHM30: 28 | HHN30: 172.17.1.188 | HHZ30: Libre | HIC30: 28 | HID30: 172.17.1.188 | HIP30: Libre | HIS30: 28 | HIT30: 172.17.1.188 | HJF30: Libre | HJI30: 28 | HJJ30: 172.17.1.188 | HJV30: Libre | HJY30: 28 | HJZ30: 172.17.1.188 | HKL30: Libre | HKO30: 28 | HKP30: 172.17.1.188 | HLB30: Libre | HLE30: 28 | HLF30: 172.17.1.188 | HLR30: Libre | HLU30: 28 | HLV30: 172.17.1.188 | HMH30: Libre | HMK30: 28 | HML30: 172.17.1.188 | HMX30: Libre | HNA30: 28 | HNB30: 172.17.1.188 | HNN30: Libre | HNQ30: 28 | HNR30: 172.17.1.188 | HOD30: Libre | HOG30: 28 | HOH30: 172.17.1.188 | HOT30: Libre | HOW30: 28 | HOX30: 172.17.1.188 | HPJ30: Libre | HPM30: 28 | HPN30: 172.17.1.188 | HPZ30: Libre | HQC30: 28 | HQD30: 172.17.1.188 | HQP30: Libre | HQS30: 28 | HQT30: 172.17.1.188 | HRF30: Libre | HRI30: 28 | HRJ30: 172.17.1.188 | HRV30: Libre | HRY30: 28 | HRZ30: 172.17.1.188 | HSL30: Libre | HSO30: 28 | HSP30: 172.17.1.188 | HTB30: Libre | HTE30: 28 | HTF30: 172.17.1.188 | HTR30: Libre | HTU30: 28 | HTV30: 172.17.1.188 | HUH30: Libre | HUK30: 28 | HUL30: 172.17.1.188 | HUX30: Libre | HVA30: 28 | HVB30: 172.17.1.188 | HVN30: Libre | HVQ30: 28 | HVR30: 172.17.1.188 | HWD30: Libre | HWG30: 28 | HWH30: 172.17.1.188 | HWT30: Libre | HWW30: 28 | HWX30: 172.17.1.188 | HXJ30: Libre | HXM30: 28 | HXN30: 172.17.1.188 | HXZ30: Libre | HYC30: 28 | HYD30: 172.17.1.188 | HYP30: Libre | HYS30: 28 | HYT30: 172.17.1.188 | HZF30: Libre | HZI30: 28 | HZJ30: 172.17.1.188 | HZV30: Libre | HZY30: 28 | HZZ30: 172.17.1.188 | IAL30: Libre | IAO30: 28 | IAP30: 172.17.1.188 | IBB30: Libre | IBE30: 28 | IBF30: 172.17.1.188 | IBR30: Libre | IBU30: 28 | IBV30: 172.17.1.188 | ICH30: Libre | ICK30: 28 | ICL30: 172.17.1.188 | ICX30: Libre | IDA30: 28 | IDB30: 172.17.1.188 | IDN30: Libre | IDQ30: 28 | IDR30: 172.17.1.188 | IED30: Libre | IEG30: 28 | IEH30: 172.17.1.188 | IET30: Libre | IEW30: 28 | IEX30: 172.17.1.188 | IFJ30: Libre | IFM30: 28 | IFN30: 172.17.1.188 | IFZ30: Libre | IGC30: 28 | IGD30: 172.17.1.188 | IGP30: Libre | IGS30: 28 | IGT30: 172.17.1.188 | IHF30: Libre | IHI30: 28 | IHJ30: 172.17.1.188 | IHV30: Libre | IHY30: 28 | IHZ30: 172.17.1.188 | IIL30: Libre | IIO30: 28 | IIP30: 172.17.1.188 | IJB30: Libre | IJE30: 28 | IJF30: 172.17.1.188 | IJR30: Libre | IJU30: 28 | IJV30: 172.17.1.188 | IKH30: Libre | IKK30: 28 | IKL30: 172.17.1.188 | IKX30: Libre | ILA30: 28 | ILB30: 172.17.1.188 | ILN30: Libre | ILQ30: 28 | ILR30: 172.17.1.188 | IMD30: Libre | IMG30: 28 | IMH30: 172.17.1.188 | IMT30: Libre | IMW30: 28 | IMX30: 172.17.1.188 | INJ30: Libre | INM30: 28 | INN30: 172.17.1.188 | INZ30: Libre | IOC30: 28 | IOD30: 172.17.1.188 | IOP30: Libre | IOS30: 28 | IOT30: 172.17.1.188 | IPF30: Libre | IPI30: 28 | IPJ30: 172.17.1.188 | IPV30: Libre | IPY30: 28 | IPZ30: 172.17.1.188 | IQL30: Libre | IQO30: 28 | IQP30: 172.17.1.188 | IRB30: Libre | IRE30: 28 | IRF30: 172.17.1.188 | IRR30: Libre | IRU30: 28 | IRV30: 172.17.1.188 | ISH30: Libre | ISK30: 28 | ISL30: 172.17.1.188 | ISX30: Libre | ITA30: 28 | ITB30: 172.17.1.188 | ITN30: Libre | ITQ30: 28 | ITR30: 172.17.1.188 | IUD30: Libre | IUG30: 28 | IUH30: 172.17.1.188 | IUT30: Libre | IUW30: 28 | IUX30: 172.17.1.188 | IVJ30: Libre | IVM30: 28 | IVN30: 172.17.1.188 | IVZ30: Libre | IWC30: 28 | IWD30: 172.17.1.188 | IWP30: Libre | IWS30: 28 | IWT30: 172.17.1.188 | IXF30: Libre | IXI30: 28 | IXJ30: 172.17.1.188 | IXV30: Libre | IXY30: 28 | IXZ30: 172.17.1.188 | IYL30: Libre | IYO30: 28 | IYP30: 172.17.1.188 | IZB30: Libre | IZE30: 28 | IZF30: 172.17.1.188 | IZR30: Libre | IZU30: 28 | IZV30: 172.17.1.188 | JAH30: Libre | JAK30: 28 | JAL30: 172.17.1.188 | JAX30: Libre | JBA30: 28 | JBB30: 172.17.1.188 | JBN30: Libre | JBQ30: 28 | JBR30: 172.17.1.188 | JCD30: Libre | JCG30: 28 | JCH30: 172.17.1.188 | JCT30: Libre | JCW30: 28 | JCX30: 172.17.1.188 | JDJ30: Libre | JDM30: 28 | JDN30: 172.17.1.188 | JDZ30: Libre | JEC30: 28 | JED30: 172.17.1.188 | JEP30: Libre | JES30: 28 | JET30: 172.17.1.188 | JFF30: Libre | JFI30: 28 | JFJ30: 172.17.1.188 | JFV30: Libre | JFY30: 28 | JFZ30: 172.17.1.188 | JGL30: Libre | JGO30: 28 | JGP30: 172.17.1.188 | JHB30: Libre | JHE30: 28 | JHF30: 172.17.1.188 | JHR30: Libre | JHU30: 28 | JHV30: 172.17.1.188 | JIH30: Libre | JIK30: 28 | JIL30: 172.17.1.188 | JIX30: Libre | JJA30: 28 | JJB30: 172.17.1.188 | JJN30: Libre | JJQ30: 28 | JJR30: 172.17.1.188 | JKD30: Libre | JKG30: 28 | JKH30: 172.17.1.188 | JKT30: Libre | JKW30: 28 | JKX30: 172.17.1.188 | JLJ30: Libre | JLM30: 28 | JLN30: 172.17.1.188 | JLZ30: Libre | JMC30: 28 | JMD30: 172.17.1.188 | JMP30: Libre | JMS30: 28 | JMT30: 172.17.1.188 | JNF30: Libre | JNI30: 28 | JNJ30: 172.17.1.188 | JNV30: Libre | JNY30: 28 | JNZ30: 172.17.1.188 | JOL30: Libre | JOO30: 28 | JOP30: 172.17.1.188 | JPB30: Libre | JPE30: 28 | JPF30: 172.17.1.188 | JPR30: Libre | JPU30: 28 | JPV30: 172.17.1.188 | JQH30: Libre | JQK30: 28 | JQL30: 172.17.1.188 | JQX30: Libre | JRA30: 28 | JRB30: 172.17.1.188 | JRN30: Libre | JRQ30: 28 | JRR30: 172.17.1.188 | JSD30: Libre | JSG30: 28 | JSH30: 172.17.1.188 | JST30: Libre | JSW30: 28 | JSX30: 172.17.1.188 | JTJ30: Libre | JTM30: 28 | JTN30: 172.17.1.188 | JTZ30: Libre | JUC30: 28 | JUD30: 172.17.1.188 | JUP30: Libre | JUS30: 28 | JUT30: 172.17.1.188 | JVF30: Libre | JVI30: 28 | JVJ30: 172.17.1.188 | JVV30: Libre | JVY30: 28 | JVZ30: 172.17.1.188 | JWL30: Libre | JWO30: 28 | JWP30: 172.17.1.188 | JXB30: Libre | JXE30: 28 | JXF30: 172.17.1.188 | JXR30: Libre | JXU30: 28 | JXV30: 172.17.1.188 | JYH30: Libre | JYK30: 28 | JYL30: 172.17.1.188 | JYX30: Libre | JZA30: 28 | JZB30: 172.17.1.188 | JZN30: Libre | JZQ30: 28 | JZR30: 172.17.1.188 | KAD30: Libre | KAG30: 28 | KAH30: 172.17.1.188 | KAT30: Libre | KAW30: 28 | KAX30: 172.17.1.188 | KBJ30: Libre | KBM30: 28 | KBN30: 172.17.1.188 | KBZ30: Libre | KCC30: 28 | KCD30: 172.17.1.188 | KCP30: Libre | KCS30: 28 | KCT30: 172.17.1.188 | KDF30: Libre | KDI30: 28 | KDJ30: 172.17.1.188 | KDV30: Libre | KDY30: 28 | KDZ30: 172.17.1.188 | KEL30: Libre | KEO30: 28 | KEP30: 172.17.1.188 | KFB30: Libre | KFE30: 28 | KFF30: 172.17.1.188 | KFR30: Libre | KFU30: 28 | KFV30: 172.17.1.188 | KGH30: Libre | KGK30: 28 | KGL30: 172.17.1.188 | KGX30: Libre | KHA30: 28 | KHB30: 172.17.1.188 | KHN30: Libre | KHQ30: 28 | KHR30: 172.17.1.188 | KID30: Libre | KIG30: 28 | KIH30: 172.17.1.188 | KIT30: Libre | KIW30: 28 | KIX30: 172.17.1.188 | KJJ30: Libre | KJM30: 28 | KJN30: 172.17.1.188 | KJZ30: Libre | KKC30: 28 | KKD30: 172.17.1.188 | KKP30: Libre | KKS30: 28 | KKT30: 172.17.1.188 | KLF30: Libre | KLI30: 28 | KLJ30: 172.17.1.188 | KLV30: Libre | KLY30: 28 | KLZ30: 172.17.1.188 | KML30: Libre | KMO30: 28 | KMP30: 172.17.1.188 | KNB30: Libre | KNE30: 28 | KNF30: 172.17.1.188 | KNR30: Libre | KNU30: 28 | KNV30: 172.17.1.188 | KOH30: Libre | KOK30: 28 | KOL30: 172.17.1.188 | KOX30: Libre | KPA30: 28 | KPB30: 172.17.1.188 | KPN30: Libre | KPQ30: 28 | KPR30: 172.17.1.188 | KQD30: Libre | KQG30: 28 | KQH30: 172.17.1.188 | KQT30: Libre | KQW30: 28 | KQX30: 172.17.1.188 | KRJ30: Libre | KRM30: 28 | KRN30: 172.17.1.188 | KRZ30: Libre | KSC30: 28 | KSD30: 172.17.1.188 | KSP30: Libre | KSS30: 28 | KST30: 172.17.1.188 | KTF30: Libre | KTI30: 28 | KTJ30: 172.17.1.188 | KTV30: Libre | KTY30: 28 | KTZ30: 172.17.1.188 | KUL30: Libre | KUO30: 28 | KUP30: 172.17.1.188 | KVB30: Libre | KVE30: 28 | KVF30: 172.17.1.188 | KVR30: Libre | KVU30: 28 | KVV30: 172.17.1.188 | KWH30: Libre | KWK30: 28 | KWL30: 172.17.1.188 | KWX30: Libre | KXA30: 28 | KXB30: 172.17.1.188 | KXN30: Libre | KXQ30: 28 | KXR30: 172.17.1.188 | KYD30: Libre | KYG30: 28 | KYH30: 172.17.1.188 | KYT30: Libre | KYW30: 28 | KYX30: 172.17.1.188 | KZJ30: Libre | KZM30: 28 | KZN30: 172.17.1.188 | KZZ30: Libre | LAC30: 28 | LAD30: 172.17.1.188 | LAP30: Libre | LAS30: 28 | LAT30: 172.17.1.188 | LBF30: Libre | LBI30: 28 | LBJ30: 172.17.1.188 | LBV30: Libre | LBY30: 28 | LBZ30: 172.17.1.188 | LCL30: Libre | LCO30: 28 | LCP30: 172.17.1.188 | LDB30: Libre | LDE30: 28 | LDF30: 172.17.1.188 | LDR30: Libre | LDU30: 28 | LDV30: 172.17.1.188 | LEH30: Libre | LEK30: 28 | LEL30: 172.17.1.188 | LEX30: Libre | LFA30: 28 | LFB30: 172.17.1.188 | LFN30: Libre | LFQ30: 28 | LFR30: 172.17.1.188 | LGD30: Libre | LGG30: 28 | LGH30: 172.17.1.188 | LGT30: Libre | LGW30: 28 | LGX30: 172.17.1.188 | LHJ30: Libre | LHM30: 28 | LHN30: 172.17.1.188 | LHZ30: Libre | LIC30: 28 | LID30: 172.17.1.188 | LIP30: Libre | LIS30: 28 | LIT30: 172.17.1.188 | LJF30: Libre | LJI30: 28 | LJJ30: 172.17.1.188 | LJV30: Libre | LJY30: 28 | LJZ30: 172.17.1.188 | LKL30: Libre | LKO30: 28 | LKP30: 172.17.1.188 | LLB30: Libre | LLE30: 28 | LLF30: 172.17.1.188 | LLR30: Libre | LLU30: 28 | LLV30: 172.17.1.188 | LMH30: Libre | LMK30: 28 | LML30: 172.17.1.188 | LMX30: Libre | LNA30: 28 | LNB30: 172.17.1.188 | LNN30: Libre | LNQ30: 28 | LNR30: 172.17.1.188 | LOD30: Libre | LOG30: 28 | LOH30: 172.17.1.188 | LOT30: Libre | LOW30: 28 | LOX30: 172.17.1.188 | LPJ30: Libre | LPM30: 28 | LPN30: 172.17.1.188 | LPZ30: Libre | LQC30: 28 | LQD30: 172.17.1.188 | LQP30: Libre | LQS30: 28 | LQT30: 172.17.1.188 | LRF30: Libre | LRI30: 28 | LRJ30: 172.17.1.188 | LRV30: Libre | LRY30: 28 | LRZ30: 172.17.1.188 | LSL30: Libre | LSO30: 28 | LSP30: 172.17.1.188 | LTB30: Libre | LTE30: 28 | LTF30: 172.17.1.188 | LTR30: Libre | LTU30: 28 | LTV30: 172.17.1.188 | LUH30: Libre | LUK30: 28 | LUL30: 172.17.1.188 | LUX30: Libre | LVA30: 28 | LVB30: 172.17.1.188 | LVN30: Libre | LVQ30: 28 | LVR30: 172.17.1.188 | LWD30: Libre | LWG30: 28 | LWH30: 172.17.1.188 | LWT30: Libre | LWW30: 28 | LWX30: 172.17.1.188 | LXJ30: Libre | LXM30: 28 | LXN30: 172.17.1.188 | LXZ30: Libre | LYC30: 28 | LYD30: 172.17.1.188 | LYP30: Libre | LYS30: 28 | LYT30: 172.17.1.188 | LZF30: Libre | LZI30: 28 | LZJ30: 172.17.1.188 | LZV30: Libre | LZY30: 28 | LZZ30: 172.17.1.188 | MAL30: Libre | MAO30: 28 | MAP30: 172.17.1.188 | MBB30: Libre | MBE30: 28 | MBF30: 172.17.1.188 | MBR30: Libre | MBU30: 28 | MBV30: 172.17.1.188 | MCH30: Libre | MCK30: 28 | MCL30: 172.17.1.188 | MCX30: Libre | MDA30: 28 | MDB30: 172.17.1.188 | MDN30: Libre | MDQ30: 28 | MDR30: 172.17.1.188 | MED30: Libre | MEG30: 28 | MEH30: 172.17.1.188 | MET30: Libre | MEW30: 28 | MEX30: 172.17.1.188 | MFJ30: Libre | MFM30: 28 | MFN30: 172.17.1.188 | MFZ30: Libre | MGC30: 28 | MGD30: 172.17.1.188 | MGP30: Libre | MGS30: 28 | MGT30: 172.17.1.188 | MHF30: Libre | MHI30: 28 | MHJ30: 172.17.1.188 | MHV30: Libre | MHY30: 28 | MHZ30: 172.17.1.188 | MIL30: Libre | MIO30: 28 | MIP30: 172.17.1.188 | MJB30: Libre | MJE30: 28 | MJF30: 172.17.1.188 | MJR30: Libre | MJU30: 28 | MJV30: 172.17.1.188 | MKH30: Libre | MKK30: 28 | MKL30: 172.17.1.188 | MKX30: Libre | MLA30: 28 | MLB30: 172.17.1.188 | MLN30: Libre | MLQ30: 28 | MLR30: 172.17.1.188 | MMD30: Libre | MMG30: 28 | MMH30: 172.17.1.188 | MMT30: Libre | MMW30: 28 | MMX30: 172.17.1.188 | MNJ30: Libre | MNM30: 28 | MNN30: 172.17.1.188 | MNZ30: Libre | MOC30: 28 | MOD30: 172.17.1.188 | MOP30: Libre | MOS30: 28 | MOT30: 172.17.1.188 | MPF30: Libre | MPI30: 28 | MPJ30: 172.17.1.188 | MPV30: Libre | MPY30: 28 | MPZ30: 172.17.1.188 | MQL30: Libre | MQO30: 28 | MQP30: 172.17.1.188 | MRB30: Libre | MRE30: 28 | MRF30: 172.17.1.188 | MRR30: Libre | MRU30: 28 | MRV30: 172.17.1.188 | MSH30: Libre | MSK30: 28 | MSL30: 172.17.1.188 | MSX30: Libre | MTA30: 28 | MTB30: 172.17.1.188 | MTN30: Libre | MTQ30: 28 | MTR30: 172.17.1.188 | MUD30: Libre | MUG30: 28 | MUH30: 172.17.1.188 | MUT30: Libre | MUW30: 28 | MUX30: 172.17.1.188 | MVJ30: Libre | MVM30: 28 | MVN30: 172.17.1.188 | MVZ30: Libre | MWC30: 28 | MWD30: 172.17.1.188 | MWP30: Libre | MWS30: 28 | MWT30: 172.17.1.188 | MXF30: Libre | MXI30: 28 | MXJ30: 172.17.1.188 | MXV30: Libre | MXY30: 28 | MXZ30: 172.17.1.188 | MYL30: Libre | MYO30: 28 | MYP30: 172.17.1.188 | MZB30: Libre | MZE30: 28 | MZF30: 172.17.1.188 | MZR30: Libre | MZU30: 28 | MZV30: 172.17.1.188 | NAH30: Libre | NAK30: 28 | NAL30: 172.17.1.188 | NAX30: Libre | NBA30: 28 | NBB30: 172.17.1.188 | NBN30: Libre | NBQ30: 28 | NBR30: 172.17.1.188 | NCD30: Libre | NCG30: 28 | NCH30: 172.17.1.188 | NCT30: Libre | NCW30: 28 | NCX30: 172.17.1.188 | NDJ30: Libre | NDM30: 28 | NDN30: 172.17.1.188 | NDZ30: Libre | NEC30: 28 | NED30: 172.17.1.188 | NEP30: Libre | NES30: 28 | NET30: 172.17.1.188 | NFF30: Libre | NFI30: 28 | NFJ30: 172.17.1.188 | NFV30: Libre | NFY30: 28 | NFZ30: 172.17.1.188 | NGL30: Libre | NGO30: 28 | NGP30: 172.17.1.188 | NHB30: Libre | NHE30: 28 | NHF30: 172.17.1.188 | NHR30: Libre | NHU30: 28 | NHV30: 172.17.1.188 | NIH30: Libre | NIK30: 28 | NIL30: 172.17.1.188 | NIX30: Libre | NJA30: 28 | NJB30: 172.17.1.188 | NJN30: Libre | NJQ30: 28 | NJR30: 172.17.1.188 | NKD30: Libre | NKG30: 28 | NKH30: 172.17.1.188 | NKT30: Libre | NKW30: 28 | NKX30: 172.17.1.188 | NLJ30: Libre | NLM30: 28 | NLN30: 172.17.1.188 | NLZ30: Libre | NMC30: 28 | NMD30: 172.17.1.188 | NMP30: Libre | NMS30: 28 | NMT30: 172.17.1.188 | NNF30: Libre | NNI30: 28 | NNJ30: 172.17.1.188 | NNV30: Libre | NNY30: 28 | NNZ30: 172.17.1.188 | NOL30: Libre | NOO30: 28 | NOP30: 172.17.1.188 | NPB30: Libre | NPE30: 28 | NPF30: 172.17.1.188 | NPR30: Libre | NPU30: 28 | NPV30: 172.17.1.188 | NQH30: Libre | NQK30: 28 | NQL30: 172.17.1.188 | NQX30: Libre | NRA30: 28 | NRB30: 172.17.1.188 | NRN30: Libre | NRQ30: 28 | NRR30: 172.17.1.188 | NSD30: Libre | NSG30: 28 | NSH30: 172.17.1.188 | NST30: Libre | NSW30: 28 | NSX30: 172.17.1.188 | NTJ30: Libre | NTM30: 28 | NTN30: 172.17.1.188 | NTZ30: Libre | NUC30: 28 | NUD30: 172.17.1.188 | NUP30: Libre | NUS30: 28 | NUT30: 172.17.1.188 | NVF30: Libre | NVI30: 28 | NVJ30: 172.17.1.188 | NVV30: Libre | NVY30: 28 | NVZ30: 172.17.1.188 | NWL30: Libre | NWO30: 28 | NWP30: 172.17.1.188 | NXB30: Libre | NXE30: 28 | NXF30: 172.17.1.188 | NXR30: Libre | NXU30: 28 | NXV30: 172.17.1.188 | NYH30: Libre | NYK30: 28 | NYL30: 172.17.1.188 | NYX30: Libre | NZA30: 28 | NZB30: 172.17.1.188 | NZN30: Libre | NZQ30: 28 | NZR30: 172.17.1.188 | OAD30: Libre | OAG30: 28 | OAH30: 172.17.1.188 | OAT30: Libre | OAW30: 28 | OAX30: 172.17.1.188 | OBJ30: Libre | OBM30: 28 | OBN30: 172.17.1.188 | OBZ30: Libre | OCC30: 28 | OCD30: 172.17.1.188 | OCP30: Libre | OCS30: 28 | OCT30: 172.17.1.188 | ODF30: Libre | ODI30: 28 | ODJ30: 172.17.1.188 | ODV30: Libre | ODY30: 28 | ODZ30: 172.17.1.188 | OEL30: Libre | OEO30: 28 | OEP30: 172.17.1.188 | OFB30: Libre | OFE30: 28 | OFF30: 172.17.1.188 | OFR30: Libre | OFU30: 28 | OFV30: 172.17.1.188 | OGH30: Libre | OGK30: 28 | OGL30: 172.17.1.188 | OGX30: Libre | OHA30: 28 | OHB30: 172.17.1.188 | OHN30: Libre | OHQ30: 28 | OHR30: 172.17.1.188 | OID30: Libre | OIG30: 28 | OIH30: 172.17.1.188 | OIT30: Libre | OIW30: 28 | OIX30: 172.17.1.188 | OJJ30: Libre | OJM30: 28 | OJN30: 172.17.1.188 | OJZ30: Libre | OKC30: 28 | OKD30: 172.17.1.188 | OKP30: Libre | OKS30: 28 | OKT30: 172.17.1.188 | OLF30: Libre | OLI30: 28 | OLJ30: 172.17.1.188 | OLV30: Libre | OLY30: 28 | OLZ30: 172.17.1.188 | OML30: Libre | OMO30: 28 | OMP30: 172.17.1.188 | ONB30: Libre | ONE30: 28 | ONF30: 172.17.1.188 | ONR30: Libre | ONU30: 28 | ONV30: 172.17.1.188 | OOH30: Libre | OOK30: 28 | OOL30: 172.17.1.188 | OOX30: Libre | OPA30: 28 | OPB30: 172.17.1.188 | OPN30: Libre | OPQ30: 28 | OPR30: 172.17.1.188 | OQD30: Libre | OQG30: 28 | OQH30: 172.17.1.188 | OQT30: Libre | OQW30: 28 | OQX30: 172.17.1.188 | ORJ30: Libre | ORM30: 28 | ORN30: 172.17.1.188 | ORZ30: Libre | OSC30: 28 | OSD30: 172.17.1.188 | OSP30: Libre | OSS30: 28 | OST30: 172.17.1.188 | OTF30: Libre | OTI30: 28 | OTJ30: 172.17.1.188 | OTV30: Libre | OTY30: 28 | OTZ30: 172.17.1.188 | OUL30: Libre | OUO30: 28 | OUP30: 172.17.1.188 | OVB30: Libre | OVE30: 28 | OVF30: 172.17.1.188 | OVR30: Libre | OVU30: 28 | OVV30: 172.17.1.188 | OWH30: Libre | OWK30: 28 | OWL30: 172.17.1.188 | OWX30: Libre | OXA30: 28 | OXB30: 172.17.1.188 | OXN30: Libre | OXQ30: 28 | OXR30: 172.17.1.188 | OYD30: Libre | OYG30: 28 | OYH30: 172.17.1.188 | OYT30: Libre | OYW30: 28 | OYX30: 172.17.1.188 | OZJ30: Libre | OZM30: 28 | OZN30: 172.17.1.188 | OZZ30: Libre | PAC30: 28 | PAD30: 172.17.1.188 | PAP30: Libre | PAS30: 28 | PAT30: 172.17.1.188 | PBF30: Libre | PBI30: 28 | PBJ30: 172.17.1.188 | PBV30: Libre | PBY30: 28 | PBZ30: 172.17.1.188 | PCL30: Libre | PCO30: 28 | PCP30: 172.17.1.188 | PDB30: Libre | PDE30: 28 | PDF30: 172.17.1.188 | PDR30: Libre | PDU30: 28 | PDV30: 172.17.1.188 | PEH30: Libre | PEK30: 28 | PEL30: 172.17.1.188 | PEX30: Libre | PFA30: 28 | PFB30: 172.17.1.188 | PFN30: Libre | PFQ30: 28 | PFR30: 172.17.1.188 | PGD30: Libre | PGG30: 28 | PGH30: 172.17.1.188 | PGT30: Libre | PGW30: 28 | PGX30: 172.17.1.188 | PHJ30: Libre | PHM30: 28 | PHN30: 172.17.1.188 | PHZ30: Libre | PIC30: 28 | PID30: 172.17.1.188 | PIP30: Libre | PIS30: 28 | PIT30: 172.17.1.188 | PJF30: Libre | PJI30: 28 | PJJ30: 172.17.1.188 | PJV30: Libre | PJY30: 28 | PJZ30: 172.17.1.188 | PKL30: Libre | PKO30: 28 | PKP30: 172.17.1.188 | PLB30: Libre | PLE30: 28 | PLF30: 172.17.1.188 | PLR30: Libre | PLU30: 28 | PLV30: 172.17.1.188 | PMH30: Libre | PMK30: 28 | PML30: 172.17.1.188 | PMX30: Libre | PNA30: 28 | PNB30: 172.17.1.188 | PNN30: Libre | PNQ30: 28 | PNR30: 172.17.1.188 | POD30: Libre | POG30: 28 | POH30: 172.17.1.188 | POT30: Libre | POW30: 28 | POX30: 172.17.1.188 | PPJ30: Libre | PPM30: 28 | PPN30: 172.17.1.188 | PPZ30: Libre | PQC30: 28 | PQD30: 172.17.1.188 | PQP30: Libre | PQS30: 28 | PQT30: 172.17.1.188 | PRF30: Libre | PRI30: 28 | PRJ30: 172.17.1.188 | PRV30: Libre | PRY30: 28 | PRZ30: 172.17.1.188 | PSL30: Libre | PSO30: 28 | PSP30: 172.17.1.188 | PTB30: Libre | PTE30: 28 | PTF30: 172.17.1.188 | PTR30: Libre | PTU30: 28 | PTV30: 172.17.1.188 | PUH30: Libre | PUK30: 28 | PUL30: 172.17.1.188 | PUX30: Libre | PVA30: 28 | PVB30: 172.17.1.188 | PVN30: Libre | PVQ30: 28 | PVR30: 172.17.1.188 | PWD30: Libre | PWG30: 28 | PWH30: 172.17.1.188 | PWT30: Libre | PWW30: 28 | PWX30: 172.17.1.188 | PXJ30: Libre | PXM30: 28 | PXN30: 172.17.1.188 | PXZ30: Libre | PYC30: 28 | PYD30: 172.17.1.188 | PYP30: Libre | PYS30: 28 | PYT30: 172.17.1.188 | PZF30: Libre | PZI30: 28 | PZJ30: 172.17.1.188 | PZV30: Libre | PZY30: 28 | PZZ30: 172.17.1.188 | QAL30: Libre | QAO30: 28 | QAP30: 172.17.1.188 | QBB30: Libre | QBE30: 28 | QBF30: 172.17.1.188 | QBR30: Libre | QBU30: 28 | QBV30: 172.17.1.188 | QCH30: Libre | QCK30: 28 | QCL30: 172.17.1.188 | QCX30: Libre | QDA30: 28 | QDB30: 172.17.1.188 | QDN30: Libre | QDQ30: 28 | QDR30: 172.17.1.188 | QED30: Libre | QEG30: 28 | QEH30: 172.17.1.188 | QET30: Libre | QEW30: 28 | QEX30: 172.17.1.188 | QFJ30: Libre | QFM30: 28 | QFN30: 172.17.1.188 | QFZ30: Libre | QGC30: 28 | QGD30: 172.17.1.188 | QGP30: Libre | QGS30: 28 | QGT30: 172.17.1.188 | QHF30: Libre | QHI30: 28 | QHJ30: 172.17.1.188 | QHV30: Libre | QHY30: 28 | QHZ30: 172.17.1.188 | QIL30: Libre | QIO30: 28 | QIP30: 172.17.1.188 | QJB30: Libre | QJE30: 28 | QJF30: 172.17.1.188 | QJR30: Libre | QJU30: 28 | QJV30: 172.17.1.188 | QKH30: Libre | QKK30: 28 | QKL30: 172.17.1.188 | QKX30: Libre | QLA30: 28 | QLB30: 172.17.1.188 | QLN30: Libre | QLQ30: 28 | QLR30: 172.17.1.188 | QMD30: Libre | QMG30: 28 | QMH30: 172.17.1.188 | QMT30: Libre | QMW30: 28 | QMX30: 172.17.1.188 | QNJ30: Libre | QNM30: 28 | QNN30: 172.17.1.188 | QNZ30: Libre | QOC30: 28 | QOD30: 172.17.1.188 | QOP30: Libre | QOS30: 28 | QOT30: 172.17.1.188 | QPF30: Libre | QPI30: 28 | QPJ30: 172.17.1.188 | QPV30: Libre | QPY30: 28 | QPZ30: 172.17.1.188 | QQL30: Libre | QQO30: 28 | QQP30: 172.17.1.188 | QRB30: Libre | QRE30: 28 | QRF30: 172.17.1.188 | QRR30: Libre | QRU30: 28 | QRV30: 172.17.1.188 | QSH30: Libre | QSK30: 28 | QSL30: 172.17.1.188 | QSX30: Libre | QTA30: 28 | QTB30: 172.17.1.188 | QTN30: Libre | QTQ30: 28 | QTR30: 172.17.1.188 | QUD30: Libre | QUG30: 28 | QUH30: 172.17.1.188 | QUT30: Libre | QUW30: 28 | QUX30: 172.17.1.188 | QVJ30: Libre | QVM30: 28 | QVN30: 172.17.1.188 | QVZ30: Libre | QWC30: 28 | QWD30: 172.17.1.188 | QWP30: Libre | QWS30: 28 | QWT30: 172.17.1.188 | QXF30: Libre | QXI30: 28 | QXJ30: 172.17.1.188 | QXV30: Libre | QXY30: 28 | QXZ30: 172.17.1.188 | QYL30: Libre | QYO30: 28 | QYP30: 172.17.1.188 | QZB30: Libre | QZE30: 28 | QZF30: 172.17.1.188 | QZR30: Libre | QZU30: 28 | QZV30: 172.17.1.188 | RAH30: Libre | RAK30: 28 | RAL30: 172.17.1.188 | RAX30: Libre | RBA30: 28 | RBB30: 172.17.1.188 | RBN30: Libre | RBQ30: 28 | RBR30: 172.17.1.188 | RCD30: Libre | RCG30: 28 | RCH30: 172.17.1.188 | RCT30: Libre | RCW30: 28 | RCX30: 172.17.1.188 | RDJ30: Libre | RDM30: 28 | RDN30: 172.17.1.188 | RDZ30: Libre | REC30: 28 | RED30: 172.17.1.188 | REP30: Libre | RES30: 28 | RET30: 172.17.1.188 | RFF30: Libre | RFI30: 28 | RFJ30: 172.17.1.188 | RFV30: Libre | RFY30: 28 | RFZ30: 172.17.1.188 | RGL30: Libre | RGO30: 28 | RGP30: 172.17.1.188 | RHB30: Libre | RHE30: 28 | RHF30: 172.17.1.188 | RHR30: Libre | RHU30: 28 | RHV30: 172.17.1.188 | RIH30: Libre | RIK30: 28 | RIL30: 172.17.1.188 | RIX30: Libre | RJA30: 28 | RJB30: 172.17.1.188 | RJN30: Libre | RJQ30: 28 | RJR30: 172.17.1.188 | RKD30: Libre | RKG30: 28 | RKH30: 172.17.1.188 | RKT30: Libre | RKW30: 28 | RKX30: 172.17.1.188 | RLJ30: Libre | RLM30: 28 | RLN30: 172.17.1.188 | RLZ30: Libre | RMC30: 28 | RMD30: 172.17.1.188 | RMP30: Libre | RMS30: 28 | RMT30: 172.17.1.188 | RNF30: Libre | RNI30: 28 | RNJ30: 172.17.1.188 | RNV30: Libre | RNY30: 28 | RNZ30: 172.17.1.188 | ROL30: Libre | ROO30: 28 | ROP30: 172.17.1.188 | RPB30: Libre | RPE30: 28 | RPF30: 172.17.1.188 | RPR30: Libre | RPU30: 28 | RPV30: 172.17.1.188 | RQH30: Libre | RQK30: 28 | RQL30: 172.17.1.188 | RQX30: Libre | RRA30: 28 | RRB30: 172.17.1.188 | RRN30: Libre | RRQ30: 28 | RRR30: 172.17.1.188 | RSD30: Libre | RSG30: 28 | RSH30: 172.17.1.188 | RST30: Libre | RSW30: 28 | RSX30: 172.17.1.188 | RTJ30: Libre | RTM30: 28 | RTN30: 172.17.1.188 | RTZ30: Libre | RUC30: 28 | RUD30: 172.17.1.188 | RUP30: Libre | RUS30: 28 | RUT30: 172.17.1.188 | RVF30: Libre | RVI30: 28 | RVJ30: 172.17.1.188 | RVV30: Libre | RVY30: 28 | RVZ30: 172.17.1.188 | RWL30: Libre | RWO30: 28 | RWP30: 172.17.1.188 | RXB30: Libre | RXE30: 28 | RXF30: 172.17.1.188 | RXR30: Libre | RXU30: 28 | RXV30: 172.17.1.188 | RYH30: Libre | RYK30: 28 | RYL30: 172.17.1.188 | RYX30: Libre | RZA30: 28 | RZB30: 172.17.1.188 | RZN30: Libre | RZQ30: 28 | RZR30: 172.17.1.188 | SAD30: Libre | SAG30: 28 | SAH30: 172.17.1.188 | SAT30: Libre | SAW30: 28 | SAX30: 172.17.1.188 | SBJ30: Libre | SBM30: 28 | SBN30: 172.17.1.188 | SBZ30: Libre | SCC30: 28 | SCD30: 172.17.1.188 | SCP30: Libre | SCS30: 28 | SCT30: 172.17.1.188 | SDF30: Libre | SDI30: 28 | SDJ30: 172.17.1.188 | SDV30: Libre | SDY30: 28 | SDZ30: 172.17.1.188 | SEL30: Libre | SEO30: 28 | SEP30: 172.17.1.188 | SFB30: Libre | SFE30: 28 | SFF30: 172.17.1.188 | SFR30: Libre | SFU30: 28 | SFV30: 172.17.1.188 | SGH30: Libre | SGK30: 28 | SGL30: 172.17.1.188 | SGX30: Libre | SHA30: 28 | SHB30: 172.17.1.188 | SHN30: Libre | SHQ30: 28 | SHR30: 172.17.1.188 | SID30: Libre | SIG30: 28 | SIH30: 172.17.1.188 | SIT30: Libre | SIW30: 28 | SIX30: 172.17.1.188 | SJJ30: Libre | SJM30: 28 | SJN30: 172.17.1.188 | SJZ30: Libre | SKC30: 28 | SKD30: 172.17.1.188 | SKP30: Libre | SKS30: 28 | SKT30: 172.17.1.188 | SLF30: Libre | SLI30: 28 | SLJ30: 172.17.1.188 | SLV30: Libre | SLY30: 28 | SLZ30: 172.17.1.188 | SML30: Libre | SMO30: 28 | SMP30: 172.17.1.188 | SNB30: Libre | SNE30: 28 | SNF30: 172.17.1.188 | SNR30: Libre | SNU30: 28 | SNV30: 172.17.1.188 | SOH30: Libre | SOK30: 28 | SOL30: 172.17.1.188 | SOX30: Libre | SPA30: 28 | SPB30: 172.17.1.188 | SPN30: Libre | SPQ30: 28 | SPR30: 172.17.1.188 | SQD30: Libre | SQG30: 28 | SQH30: 172.17.1.188 | SQT30: Libre | SQW30: 28 | SQX30: 172.17.1.188 | SRJ30: Libre | SRM30: 28 | SRN30: 172.17.1.188 | SRZ30: Libre | SSC30: 28 | SSD30: 172.17.1.188 | SSP30: Libre | SSS30: 28 | SST30: 172.17.1.188 | STF30: Libre | STI30: 28 | STJ30: 172.17.1.188 | STV30: Libre | STY30: 28 | STZ30: 172.17.1.188 | SUL30: Libre | SUO30: 28 | SUP30: 172.17.1.188 | SVB30: Libre | SVE30: 28 | SVF30: 172.17.1.188 | SVR30: Libre | SVU30: 28 | SVV30: 172.17.1.188 | SWH30: Libre | SWK30: 28 | SWL30: 172.17.1.188 | SWX30: Libre | SXA30: 28 | SXB30: 172.17.1.188 | SXN30: Libre | SXQ30: 28 | SXR30: 172.17.1.188 | SYD30: Libre | SYG30: 28 | SYH30: 172.17.1.188 | SYT30: Libre | SYW30: 28 | SYX30: 172.17.1.188 | SZJ30: Libre | SZM30: 28 | SZN30: 172.17.1.188 | SZZ30: Libre | TAC30: 28 | TAD30: 172.17.1.188 | TAP30: Libre | TAS30: 28 | TAT30: 172.17.1.188 | TBF30: Libre | TBI30: 28 | TBJ30: 172.17.1.188 | TBV30: Libre | TBY30: 28 | TBZ30: 172.17.1.188 | TCL30: Libre | TCO30: 28 | TCP30: 172.17.1.188 | TDB30: Libre | TDE30: 28 | TDF30: 172.17.1.188 | TDR30: Libre | TDU30: 28 | TDV30: 172.17.1.188 | TEH30: Libre | TEK30: 28 | TEL30: 172.17.1.188 | TEX30: Libre | TFA30: 28 | TFB30: 172.17.1.188 | TFN30: Libre | TFQ30: 28 | TFR30: 172.17.1.188 | TGD30: Libre | TGG30: 28 | TGH30: 172.17.1.188 | TGT30: Libre | TGW30: 28 | TGX30: 172.17.1.188 | THJ30: Libre | THM30: 28 | THN30: 172.17.1.188 | THZ30: Libre | TIC30: 28 | TID30: 172.17.1.188 | TIP30: Libre | TIS30: 28 | TIT30: 172.17.1.188 | TJF30: Libre | TJI30: 28 | TJJ30: 172.17.1.188 | TJV30: Libre | TJY30: 28 | TJZ30: 172.17.1.188 | TKL30: Libre | TKO30: 28 | TKP30: 172.17.1.188 | TLB30: Libre | TLE30: 28 | TLF30: 172.17.1.188 | TLR30: Libre | TLU30: 28 | TLV30: 172.17.1.188 | TMH30: Libre | TMK30: 28 | TML30: 172.17.1.188 | TMX30: Libre | TNA30: 28 | TNB30: 172.17.1.188 | TNN30: Libre | TNQ30: 28 | TNR30: 172.17.1.188 | TOD30: Libre | TOG30: 28 | TOH30: 172.17.1.188 | TOT30: Libre | TOW30: 28 | TOX30: 172.17.1.188 | TPJ30: Libre | TPM30: 28 | TPN30: 172.17.1.188 | TPZ30: Libre | TQC30: 28 | TQD30: 172.17.1.188 | TQP30: Libre | TQS30: 28 | TQT30: 172.17.1.188 | TRF30: Libre | TRI30: 28 | TRJ30: 172.17.1.188 | TRV30: Libre | TRY30: 28 | TRZ30: 172.17.1.188 | TSL30: Libre | TSO30: 28 | TSP30: 172.17.1.188 | TTB30: Libre | TTE30: 28 | TTF30: 172.17.1.188 | TTR30: Libre | TTU30: 28 | TTV30: 172.17.1.188 | TUH30: Libre | TUK30: 28 | TUL30: 172.17.1.188 | TUX30: Libre | TVA30: 28 | TVB30: 172.17.1.188 | TVN30: Libre | TVQ30: 28 | TVR30: 172.17.1.188 | TWD30: Libre | TWG30: 28 | TWH30: 172.17.1.188 | TWT30: Libre | TWW30: 28 | TWX30: 172.17.1.188 | TXJ30: Libre | TXM30: 28 | TXN30: 172.17.1.188 | TXZ30: Libre | TYC30: 28 | TYD30: 172.17.1.188 | TYP30: Libre | TYS30: 28 | TYT30: 172.17.1.188 | TZF30: Libre | TZI30: 28 | TZJ30: 172.17.1.188 | TZV30: Libre | TZY30: 28 | TZZ30: 172.17.1.188 | UAL30: Libre | UAO30: 28 | UAP30: 172.17.1.188 | UBB30: Libre | UBE30: 28 | UBF30: 172.17.1.188 | UBR30: Libre | UBU30: 28 | UBV30: 172.17.1.188 | UCH30: Libre | UCK30: 28 | UCL30: 172.17.1.188 | UCX30: Libre | UDA30: 28 | UDB30: 172.17.1.188 | UDN30: Libre | UDQ30: 28 | UDR30: 172.17.1.188 | UED30: Libre | UEG30: 28 | UEH30: 172.17.1.188 | UET30: Libre | UEW30: 28 | UEX30: 172.17.1.188 | UFJ30: Libre | UFM30: 28 | UFN30: 172.17.1.188 | UFZ30: Libre | UGC30: 28 | UGD30: 172.17.1.188 | UGP30: Libre | UGS30: 28 | UGT30: 172.17.1.188 | UHF30: Libre | UHI30: 28 | UHJ30: 172.17.1.188 | UHV30: Libre | UHY30: 28 | UHZ30: 172.17.1.188 | UIL30: Libre | UIO30: 28 | UIP30: 172.17.1.188 | UJB30: Libre | UJE30: 28 | UJF30: 172.17.1.188 | UJR30: Libre | UJU30: 28 | UJV30: 172.17.1.188 | UKH30: Libre | UKK30: 28 | UKL30: 172.17.1.188 | UKX30: Libre | ULA30: 28 | ULB30: 172.17.1.188 | ULN30: Libre | ULQ30: 28 | ULR30: 172.17.1.188 | UMD30: Libre | UMG30: 28 | UMH30: 172.17.1.188 | UMT30: Libre | UMW30: 28 | UMX30: 172.17.1.188 | UNJ30: Libre | UNM30: 28 | UNN30: 172.17.1.188 | UNZ30: Libre | UOC30: 28 | UOD30: 172.17.1.188 | UOP30: Libre | UOS30: 28 | UOT30: 172.17.1.188 | UPF30: Libre | UPI30: 28 | UPJ30: 172.17.1.188 | UPV30: Libre | UPY30: 28 | UPZ30: 172.17.1.188 | UQL30: Libre | UQO30: 28 | UQP30: 172.17.1.188 | URB30: Libre | URE30: 28 | URF30: 172.17.1.188 | URR30: Libre | URU30: 28 | URV30: 172.17.1.188 | USH30: Libre | USK30: 28 | USL30: 172.17.1.188 | USX30: Libre | UTA30: 28 | UTB30: 172.17.1.188 | UTN30: Libre | UTQ30: 28 | UTR30: 172.17.1.188 | UUD30: Libre | UUG30: 28 | UUH30: 172.17.1.188 | UUT30: Libre | UUW30: 28 | UUX30: 172.17.1.188 | UVJ30: Libre | UVM30: 28 | UVN30: 172.17.1.188 | UVZ30: Libre | UWC30: 28 | UWD30: 172.17.1.188 | UWP30: Libre | UWS30: 28 | UWT30: 172.17.1.188 | UXF30: Libre | UXI30: 28 | UXJ30: 172.17.1.188 | UXV30: Libre | UXY30: 28 | UXZ30: 172.17.1.188 | UYL30: Libre | UYO30: 28 | UYP30: 172.17.1.188 | UZB30: Libre | UZE30: 28 | UZF30: 172.17.1.188 | UZR30: Libre | UZU30: 28 | UZV30: 172.17.1.188 | VAH30: Libre | VAK30: 28 | VAL30: 172.17.1.188 | VAX30: Libre | VBA30: 28 | VBB30: 172.17.1.188 | VBN30: Libre | VBQ30: 28 | VBR30: 172.17.1.188 | VCD30: Libre | VCG30: 28 | VCH30: 172.17.1.188 | VCT30: Libre | VCW30: 28 | VCX30: 172.17.1.188 | VDJ30: Libre | VDM30: 28 | VDN30: 172.17.1.188 | VDZ30: Libre | VEC30: 28 | VED30: 172.17.1.188 | VEP30: Libre | VES30: 28 | VET30: 172.17.1.188 | VFF30: Libre | VFI30: 28 | VFJ30: 172.17.1.188 | VFV30: Libre | VFY30: 28 | VFZ30: 172.17.1.188 | VGL30: Libre | VGO30: 28 | VGP30: 172.17.1.188 | VHB30: Libre | VHE30: 28 | VHF30: 172.17.1.188 | VHR30: Libre | VHU30: 28 | VHV30: 172.17.1.188 | VIH30: Libre | VIK30: 28 | VIL30: 172.17.1.188 | VIX30: Libre | VJA30: 28 | VJB30: 172.17.1.188 | VJN30: Libre | VJQ30: 28 | VJR30: 172.17.1.188 | VKD30: Libre | VKG30: 28 | VKH30: 172.17.1.188 | VKT30: Libre | VKW30: 28 | VKX30: 172.17.1.188 | VLJ30: Libre | VLM30: 28 | VLN30: 172.17.1.188 | VLZ30: Libre | VMC30: 28 | VMD30: 172.17.1.188 | VMP30: Libre | VMS30: 28 | VMT30: 172.17.1.188 | VNF30: Libre | VNI30: 28 | VNJ30: 172.17.1.188 | VNV30: Libre | VNY30: 28 | VNZ30: 172.17.1.188 | VOL30: Libre | VOO30: 28 | VOP30: 172.17.1.188 | VPB30: Libre | VPE30: 28 | VPF30: 172.17.1.188 | VPR30: Libre | VPU30: 28 | VPV30: 172.17.1.188 | VQH30: Libre | VQK30: 28 | VQL30: 172.17.1.188 | VQX30: Libre | VRA30: 28 | VRB30: 172.17.1.188 | VRN30: Libre | VRQ30: 28 | VRR30: 172.17.1.188 | VSD30: Libre | VSG30: 28 | VSH30: 172.17.1.188 | VST30: Libre | VSW30: 28 | VSX30: 172.17.1.188 | VTJ30: Libre | VTM30: 28 | VTN30: 172.17.1.188 | VTZ30: Libre | VUC30: 28 | VUD30: 172.17.1.188 | VUP30: Libre | VUS30: 28 | VUT30: 172.17.1.188 | VVF30: Libre | VVI30: 28 | VVJ30: 172.17.1.188 | VVV30: Libre | VVY30: 28 | VVZ30: 172.17.1.188 | VWL30: Libre | VWO30: 28 | VWP30: 172.17.1.188 | VXB30: Libre | VXE30: 28 | VXF30: 172.17.1.188 | VXR30: Libre | VXU30: 28 | VXV30: 172.17.1.188 | VYH30: Libre | VYK30: 28 | VYL30: 172.17.1.188 | VYX30: Libre | VZA30: 28 | VZB30: 172.17.1.188 | VZN30: Libre | VZQ30: 28 | VZR30: 172.17.1.188 | WAD30: Libre | WAG30: 28 | WAH30: 172.17.1.188 | WAT30: Libre | WAW30: 28 | WAX30: 172.17.1.188 | WBJ30: Libre | WBM30: 28 | WBN30: 172.17.1.188 | WBZ30: Libre | WCC30: 28 | WCD30: 172.17.1.188 | WCP30: Libre | WCS30: 28 | WCT30: 172.17.1.188 | WDF30: Libre | WDI30: 28 | WDJ30: 172.17.1.188 | WDV30: Libre | WDY30: 28 | WDZ30: 172.17.1.188 | WEL30: Libre | WEO30: 28 | WEP30: 172.17.1.188 | WFB30: Libre | WFE30: 28 | WFF30: 172.17.1.188 | WFR30: Libre | WFU30: 28 | WFV30: 172.17.1.188 | WGH30: Libre | WGK30: 28 | WGL30: 172.17.1.188 | WGX30: Libre | WHA30: 28 | WHB30: 172.17.1.188 | WHN30: Libre | WHQ30: 28 | WHR30: 172.17.1.188 | WID30: Libre | WIG30: 28 | WIH30: 172.17.1.188 | WIT30: Libre | WIW30: 28 | WIX30: 172.17.1.188 | WJJ30: Libre | WJM30: 28 | WJN30: 172.17.1.188 | WJZ30: Libre | WKC30: 28 | WKD30: 172.17.1.188 | WKP30: Libre | WKS30: 28 | WKT30: 172.17.1.188 | WLF30: Libre | WLI30: 28 | WLJ30: 172.17.1.188 | WLV30: Libre | WLY30: 28 | WLZ30: 172.17.1.188 | WML30: Libre | WMO30: 28 | WMP30: 172.17.1.188 | WNB30: Libre | WNE30: 28 | WNF30: 172.17.1.188 | WNR30: Libre | WNU30: 28 | WNV30: 172.17.1.188 | WOH30: Libre | WOK30: 28 | WOL30: 172.17.1.188 | WOX30: Libre | WPA30: 28 | WPB30: 172.17.1.188 | WPN30: Libre | WPQ30: 28 | WPR30: 172.17.1.188 | WQD30: Libre | WQG30: 28 | WQH30: 172.17.1.188 | WQT30: Libre | WQW30: 28 | WQX30: 172.17.1.188 | WRJ30: Libre | WRM30: 28 | WRN30: 172.17.1.188 | WRZ30: Libre | WSC30: 28 | WSD30: 172.17.1.188 | WSP30: Libre | WSS30: 28 | WST30: 172.17.1.188 | WTF30: Libre | WTI30: 28 | WTJ30: 172.17.1.188 | WTV30: Libre | WTY30: 28 | WTZ30: 172.17.1.188 | WUL30: Libre | WUO30: 28 | WUP30: 172.17.1.188 | WVB30: Libre | WVE30: 28 | WVF30: 172.17.1.188 | WVR30: Libre | WVU30: 28 | WVV30: 172.17.1.188 | WWH30: Libre | WWK30: 28 | WWL30: 172.17.1.188 | WWX30: Libre | WXA30: 28 | WXB30: 172.17.1.188 | WXN30: Libre | WXQ30: 28 | WXR30: 172.17.1.188 | WYD30: Libre | WYG30: 28 | WYH30: 172.17.1.188 | WYT30: Libre | WYW30: 28 | WYX30: 172.17.1.188 | WZJ30: Libre | WZM30: 28 | WZN30: 172.17.1.188 | WZZ30: Libre | XAC30: 28 | XAD30: 172.17.1.188 | XAP30: Libre | XAS30: 28 | XAT30: 172.17.1.188 | XBF30: Libre | XBI30: 28 | XBJ30: 172.17.1.188 | XBV30: Libre | XBY30: 28 | XBZ30: 172.17.1.188 | XCL30: Libre | XCO30: 28 | XCP30: 172.17.1.188 | XDB30: Libre | XDE30: 28 | XDF30: 172.17.1.188 | XDR30: Libre | XDU30: 28 | XDV30: 172.17.1.188 | XEH30: Libre | XEK30: 28 | XEL30: 172.17.1.188 | XEX30: Libre | XFA30: 28 | XFB30: 172.17.1.188
A31: 29 | B31: 172.17.1.189 | Z31: Libre
A32: 30 | B32: 172.17.1.190 | H32: / | I32: / | J32: INALÁMBRICO | K32: MANUAL | Z32: Ocupada
A33: 31 | B33: 172.17.1.191 | Z33: Ocupada
A34: 0--- | B34: 172.17.1.192 | C34: Temporal Javier Chavira | D34: LAP | E34: Institucional | F34: DELL | Z34: Ocupada
A35: 33 | B35: 172.17.1.193 | Z35: Ocupada
A36: 34 | B36: 172.17.1.194 | Z36: Ocupada
A37: 35 | B37: 172.17.1.195 | C37: Erick Lara | D37: cel | E37: Personal | F37: APPLE | G37: IPHONE | H37: S/N | J37: INALÁMBRICO | K37: MANUAL | L37: ST | M37: Sin/Rest | Z37: Ocupada
A38: 36 | B38: 172.17.1.196 | Z38: Libre
A39: 37 | B39: 172.17.1.197 | Z39: Ocupada
A40: 38 | B40: 172.17.1.198 | Z40: Ocupada
A41: 39 | B41: 172.17.1.199 | N41: Sí | O41: No | P41: No | Q41: n | R41: No | S41: No | T41: No | U41: Sí | W41: Sí | X41: Sí | Y41: no | Z41: Ocupada
A42: 40 | B42: 172.17.1.200 | Z42: Ocupada
A43: 41 | B43: 172.17.1.201 | C43: Servidor Impresoras | Z43: Libre
A44: 42 | B44: 172.17.1.202 | Z44: Libre
A45: 43 | B45: 172.17.1.203 | Z45: Libre
A46: 44 | B46: 172.17.1.204 | C46: Auditoria Mario | Z46: Libre
A47: 45 | B47: 172.17.1.205 | Z47: Libre
A48: 46 | B48: 172.17.1.206 | Z48: Libre
A49: 47 | B49: 172.17.1.207 | C49: Capacitación (Sigales) | D49: IMPRESORA | E49: Institucional | F49: LEXMARK | G49: CS725 | H49: 50282420H6972 | Z49: Libre
A50: 48 | B50: 172.17.1.208 | Z50: Libre
A51: 49 | B51: 172.17.1.209 | C51: AROMERO | D51: LAP | E51: Personal | L51: DCSR | M51: Sin/Rest | N51: Sí | O51: NO | P51: Sí | Q51: NO | R51: Sí | S51: Sí | T51: Sí | U51: Sí | V51: No | W51: Sí | X51: Sí | Y51: NO | Z51: Ocupada | AA51: Secretaria Tecnica
A52: 50 | B52: 172.17.1.210 | C52: SAUL SEGUNDO | Z52: Libre
A53: 51 | B53: 172.17.1.211 | C53: Alejandra Beltrán auditoría | D53: LAP | E53: Personal | F53: HUAWEI | Z53: Libre
A54: 52 | B54: 172.17.1.212 | Z54: Libre
A55: 53 | B55: 172.17.1.213 | C55: OIC (NAVE) | D55: IMPRESORA | E55: Institucional | F55: LEXMARK | G55: MX722 | H55: 7464052024ZYY | I55: 78:8C:77:22:1C:4E | J55: ALÁMBRICO | K55: MANUAL | L55: OIC | M55: Con/Rest | Z55: Ocupada
A56: 54 | B56: 172.17.1.214 | C56: Evelyn Venancio | D56: CEL | E56: Personal | F56: SAMSUNG | G56: SM-A546E | H56: RZCWA0CTM0Y | J56: INALÁMBRICO | K56: MANUAL | L56: SS | Z56: Ocupada
A57: 55 | B57: 172.17.1.215 | Z57: Ocupada
A58: 56 | B58: 172.17.1.216 | C58: Evelyn Venancio | Z58: Ocupada | AA58: DEC
A59: 57 | B59: 172.17.1.217 | C59: DRHM | D59: IMPRESORA | E59: Institucional | F59: LEXMARK | G59: XM5365 | H59: 74648270207HT | I59: 78:8C:77:22:AC:CD | J59: ALÁMBRICO | K59: MANUAL | L59: DRHM | M59: Con/Rest | Z59: Ocupada
A60: 58 | B60: 172.17.1.218 | Z60: Libre
A61: 59 | B61: 172.17.1.219 | Z61: Ocupada
A62: 60 | B62: 172.17.1.220 | C62: joshua | D62: CEL | E62: Personal | Z62: Ocupada
A63: 61 | B63: 172.17.1.221 | Z63: Libre
A64: 62 | B64: 172.17.1.222 | C64: Comunicación Social (Diseño) | D64: IMPRESORA | E64: Institucional | F64: LEXMARK | G64: CX725 | H64: 75281060H5Z1L | I64: 78:8C:77:34:7C:59 | J64: ALÁMBRICO | K64: MANUAL | L64: DCS | M64: Con/Rest | Z64: Ocupada
A65: 63 | B65: 172.17.1.223 | C65: Comunicación Social (NAVE) | D65: IMPRESORA | E65: Institucional | F65: LEXMARK | G65: MX722 | H65: 7464052023ZTT | I65: 78:8C:77:22:AC:0B | J65: ALÁMBRICO | K65: MANUAL | L65: DCS | M65: Con/Rest | Z65: Ocupada
A66: 64 | B66: 172.17.1.224 | C66: Moises SS | D66: LAP | E66: Personal | F66: OTRO | Z66: Libre
A67: 65 | B67: 172.17.1.225 | Z67: Libre
A68: 66 | B68: 172.17.1.226 | C68: Julio SS | D68: LAP | E68: Personal | F68: OTRO | Z68: Ocupada
A69: 67 | B69: 172.17.1.227 | C69: Julio SS | D69: CEL | E69: Personal | F69: SAMSUNG | Z69: Libre
A70: 68 | B70: 172.17.1.228 | C70: Secretaria Tecnica Color | D70: IMPRESORA | E70: Institucional | F70: LEXMARK | G70: MX722 | H70: 7464052023ZTT | J70: ALÁMBRICO | K70: MANUAL | L70: ST | M70: Con/Rest | Z70: Ocupada
A71: 69 | B71: 172.17.1.229 | Z71: Ocupada
A72: 70 | B72: 172.17.1.230 | C72: DBEJ | D72: IMPRESORA | E72: Institucional | F72: LEXMARK | G72: XM5365 | H72: 7464913021K6R | I72: 00:21:B7:5F:B6:F3 | J72: ALÁMBRICO | K72: MANUAL | L72: DBEJ | M72: Con/Rest | Z72: Ocupada
A73: 71 | B73: 172.17.1.231 | C73: Finanzas | D73: IMPRESORA | E73: Institucional | F73: LEXMARK | G73: XM5365 | H73: 7464913021K3Y | I73: 00:21:B7:5F:2E:4B | J73: ALÁMBRICO | K73: MANUAL | L73: DF | M73: Con/Rest | Z73: Ocupada
A74: 72 | B74: 172.17.1.232 | C74: Limpieza | Z74: Libre
A75: 73 | B75: 172.17.1.233 | C75: Seguridad Carolina | Z75: Libre
A76: 74 | B76: 172.17.1.234 | C76: Evaluación y Control | D76: IMPRESORA | E76: Institucional | F76: LEXMARK | G76: XM5365 | H76: 7464913021K3Y | I76: / | J76: ALÁMBRICO | K76: MANUAL | L76: SS | M76: Con/Rest | Z76: Ocupada
A77: 75 | B77: 172.17.1.235 | Z77: Libre
A78: 76 | B78: 172.17.1.236 | C78: Miguel Oviedo | D78: CEL | E78: Personal | F78: SAMSUNG | Z78: Libre
A79: 77 | B79: 172.17.1.237 | C79: Paulina Montoya | D79: CEL | E79: Personal | F79: APPLE | G79: Iphone 13 | Z79: Libre
A80: 78 | B80: 172.17.1.238 | C80: Octavio (pendiente) | D80: LAP | E80: Personal | F80: APPLE | G80: macbook air | Z80: Ocupada
A81: 79 | B81: 172.17.1.239 | C81: Pau SS | D81: LAP | E81: Institucional | F81: DELL | Z81: Ocupada
A82: 80 | B82: 172.17.1.240 | C82: Joshua Rodríguez | D82: LAP | E82: Personal | F82: LENOVO | Z82: Libre
A83: 81 | B83: 172.17.1.241 | C83: Alondra (ss comunicacion) | D83: CEL | E83: Personal | F83: SAMSUNG | Z83: Libre
A84: 82 | B84: 172.17.1.242 | Z84: Libre
A85: 83 | B85: 172.17.1.243 | D85: PC | Z85: Ocupada
A86: 84 | B86: 172.17.1.244 | C86: Subdirección de Sistemas | D86: IMPRESORA | E86: Institucional | F86: LEXMARK | G86: CX725 | H86: 75281060H5Z5Y | I86: 78:8C:77:34:7C:D9 | J86: ALÁMBRICO | K86: MANUAL | L86: SS | M86: Con/Rest | Z86: Ocupada
A87: 85 | B87: 172.17.1.245 | C87: Mauricio Auditor | D87: LAP | E87: Personal | F87: XIAOMI | Z87: Libre
A88: 86 | B88: 172.17.1.246 | Z88: Ocupada
A89: 87 | B89: 172.17.1.247 | Z89: Ocupada
A90: 88 | B90: 172.17.1.248 | C90: WENDY | D90: LAP | E90: Personal | F90: APPLE | G90: MACBOOK | N90: Sí | O90: Sí | P90: Sí | Q90: Sí | R90: Sí | S90: Sí | T90: Sí | U90: Sí | V90: Sí | W90: Sí | X90: Sí | Y90: Sí | Z90: Ocupada
A91: 89 | B91: 172.17.1.249 | Z91: Libre
A92: 90 | B92: 172.17.1.250 | Z92: Ocupada
D94: IP´s | E94: LIBRE | F94: OCUPADA | G94: CONFLICTO | H94: TOTAL | J94: IP´s | K94: Con restricciones | M94: Sin restricciones
E95: =COUNTIF($Z$3:$Z$92,DATOS!O2) -> 31 | F95: =COUNTIF($Z$3:$Z$92,DATOS!O3) -> 59 | G95: =COUNTIF($Z$7:$Z$92,DATOS!O4) -> 0 | H95: =SUM(E95:G95) -> 90 | K95: =COUNTIF(M3:$M$92,DATOS!Q2) -> 14 | M95: =COUNTIF($M3:$M$92,DATOS!Q3) -> 4
D97: CONEXIONES | E97: =DATOS!G2 -> INALÁMBRICO | F97: =DATOS!G3 -> ALÁMBRICO | G97: =DATOS!G4 -> ALÁMBRICO/INALÁMBRICO | J97: REGRESAR A LA PESTALLA PRINCIPAL
E98: =COUNTIF(J3:$J$92,DATOS!G2) -> 7 | F98: =COUNTIF($J$3:$J$92,DATOS!G3) -> 13 | G98: =COUNTIF($J3:$J$92,DATOS!G4) -> 0

Sheet DATOS
A1: No. | B1: Áreas | C1: Siglas | D1: No. | E1: Pérfil | F1: No. | G1: CONEXIÓN | H1: No. | I1: CONFIGURACIÓN | J1: No | K1: MARCA | L1: No | M1: Institucional o Personal | N1: No | O1: ESTATUS | P1: No | Q1: Restricciones | R1: Permisos
A2: 1 | B2: DIRECCIÓN GENERAL | C2: DG | D2: 1 | E2: PC | F2: 1 | G2: INALÁMBRICO | H2: 1 | I2: MANUAL | J2: 1 | K2: LENOVO | L2: 1 | M2: Institucional | N2: 1 | O2: Libre | P2: 1 | Q2: Con/Rest | R2: Sí
A3: 2 | B3: DIRECCIÓN DE BIENESTAR Y ESTIMULOS A LA JUVENTUD | C3: DBEJ | D3: 2 | E3: LAP | F3: 2 | G3: ALÁMBRICO | H3: 2 | I3: DHCP | J3: 2 | K3: HP | L3: 2 | M3: Personal | N3: 2 | O3: Ocupada | P3: 2 | Q3: Sin/Rest | R3: No
A4: 3 | B4: DIRECCIÓN DE INESTIGACIÓN Y ESTUDIOS SOBRE JUVENTUDES | C4: DIEJ | D4: 3 | E4: CEL | G4: ALÁMBRICO/INALÁMBRICO | J4: 3 | K4: ASUS | N4: 3 | O4: Conflicto
A5: 4 | B5: DIRECCIÓN DE COORDINACIÓN SERCTORIAL Y REGIONAL | C5: DCSR | D5: 4 | E5: TABLET | J5: 4 | K5: XIAOMI
A6: 5 | B6: DIRECCIÓN DE EVALUACIÓN Y CONTROL | C6: DEC | D6: 5 | E6: ALEXA | J6: 5 | K6: HUAWEI
A7: 6 | B7: DIRECCIÓN DE FINANZAS | C7: DF | D7: 6 | E7: HOMEPOD | J7: 6 | K7: SAMSUNG
A8: 7 | B8: DIRECCIÓN DE RECURSOS HUMANOS Y MATERIALES | C8: DRHM | D8: 7 | E8: IMPRESORA | J8: 7 | K8: DELL
A9: 8 | B9: DIRECCIÓN DE ASUSTOS JURÍDICOS | C9: DAJ | J9: 8 | K9: OPPO
A10: 9 | B10: DIRECCIÓN DE COMUNICACIÓN SOCIAL | C10: DCS | J10: 9 | K10: MOTOROLA
A11: 10 | B11: SECRETARÍA TÉCNICA | C11: ST | J11: 10 | K11: APPLE
A12: 11 | B12: SUBDIRECCIÓN DE SISTEMAS | C12: SS | J12: 11 | K12: POCO
A13: 12 | B13: SUBDIRECCIÓN DE ASUNTOS INTERNACIONALES | C13: SAI | J13: 12 | K13: OTRO
A14: 13 | B14: TITULAR DE AUDITORIA INTERNA Y QUEJAS | C14: OIC | J14: 13 | K14: LEXMARK
B19: Firewall Libre
B20: Firewall amigos
B21: Firewall Con folio, limitiado
B22: Firewall Restringido

Sheet Configuraciones 
C4: I.P. | D4: 172.17.1.220
C5: M'ASCARA DE SUBRED | D5: 255.255.254.0
C6: PUERTA DE ENLACE (O ROUTER) | D6: 172.17.0.1
C7: SERVIDOR DNS | D7: 172.16.1.6
C8: DNS SECUNDARIO | D8: 8.8.8.8
C9: LONGITUD DE SERCVICIO DE RED | D9: 23
